waterbody,site_name,latitude,longitude,enhancement_actions,project_leads
Chuckanut Bay,Chuckanut Bay,48.698585,-122.504537,Seeded cultch,
Port Madison,Miller Bay,47.752406,-122.554464,Seeded cultch,
Drayton Harbor,Drayton Harbor,48.975556,-122.758699,"Seeded cultch, Singles",
Dyes Inlet,Chico Bay,47.607484,-122.70144,"Bulk shell, Seeded cultch",
Dyes Inlet,Ostrich Bay,47.577478,-122.682267,Seeded cultch,
Dyes Inlet,Oyster Bay,47.572046,-122.674598,"Bulk shell, Seeded cultch",
Dyes Inlet,Silverdale,47.646036,-122.688485,Bulk shell,
Fidalgo Bay,Fidalgo Bay,48.471528,-122.579325,"Bulk shell, Seeded cultch",
Henderson Inlet,Henderson Inlet,47.12687,-122.835469,Singles,
Liberty Bay,Dogfish Bay,47.70092,-122.63321,"Bulk shell, Seeded cultch",
Liberty Bay,Liberty Bay,47.738095,-122.651804,Bulk shell,
Liberty Bay,Scandia,47.72285,-122.65686,Bulk shell,
Port Gamble Bay,Port Gamble Bay,47.826657,-122.57586,"Bulk shell, Seeded cultch, Singles",
Quilcene Bay,Quilcene Bay,47.793073,-122.859466,"Seeded cultch, Singles",
Samish Bay,Samish Bay,48.596076,-122.474856,"Seeded cultch, Singles",
Sequim Bay,Sequim Bay,48.043471,-123.015864,"Seeded cultch, Singles",Jamestown S'Klallam Tribe; Clallam County MRC
Similk and Skagit Bays,Kiket and Lone Tree Lagoons,48.415908,-122.56095,"Seeded cultch, Singles",
Similk Bay,Similk Bay,48.44583,-122.551042,"Seeded cultch, Singles",
Sinclair Inlet,Sinclair Inlet,47.53087,-122.68555,Bulk shell,
Skagit Bay,Skagit Bay,,,Singles,
Skokomish,Skokomish Flats,47.354749,-123.134269,Seeded cultch,
Smith Cove,Smith Cove,47.6291,-122.389314,Seeded cultch,
Squaxin Island,Palela Bay,47.195862,-122.918816,"Bulk shell, Seeded cultch, Singles",
Squaxin Island,West Squaxin Island,47.18023,-122.906411,Seeded cultch,
Squaxin Island,East Squaxin Island,47.212519,-122.912495,Seeded cultch,
Tulalip,Tulalip,,,Seeded cultch,