basin,waterbody,standard_station,standard_station_id,elevation_ft_mllw,latitude,longitude,last_year_active,notes
Hood_Canal,East_Arm,across_from_twanoh,SKO2,NA,47.39655,-122.97574,2025,
South,Henderson_Inlet,allen,HIA,NA,47.12465,-122.82974,2020,
Hood_Canal,Hood_Canal,bald_point,BP,-0.5,47.37336,-123.10895,2015,
South,Squaxin_Island,bc1,SQX2,-1.5,47.1952,-122.9181,2025,previous shell enhancement
Hood_Canal,East_Arm,belfair_sp,BLF,-0.5,47.42468,-122.87466,2025,
South,Budd_Inlet,budd_inlet1,BUD1,-0.5,47.05762,-122.89587,2025,
South,Budd_Inlet,budd_inlet2,BUD2,-0.5,47.05121,-122.89506,2017,
South,Budd_Inlet,budd_inlet3,BUD3,-0.5,47.05489,-122.89532,2017,
South,Budd_Inlet,budd_inlet4,BUD4,-0.5,47.05485,-122.91123,2017,
South,Budd_Inlet,budd_inlet5,BUD5,-0.5,47.0585,-122.91121,2017,
South,Carr_Inlet,burley_lagoon,BL,-0.5,47.39217,-122.63141,2025,
North,Drayton_Harbor,california_creek,DHC,5,48.96158,-122.73268,2022,"elevation unconfirmed, this is tide water at the mouth of the creek, site remains wet during low water"
Central,Dyes_Inlet,chico_bay1,CB1,0,47.60658,-122.70417,2017,
Central,Dyes_Inlet,chico_bay2,CB2,-0.5,47.6082,-122.7057,2025,
Central,Miller_Bay,clamisland,MIL1,NA,47.74916,-122.55541,2025,
Hood_Canal,Dabob_Bay,dabob_bay,DB,-2,47.81997,-122.82464,2025,
North,Drayton_Harbor,DHOCo,DH,NA,48.98696,-122.75997,2025,
Strait_of_Juan_de_Fuca,Discovery_Bay,discovery_bay,DSC,-0.5,47.99762,-122.88252,2025,
Hood_Canal,Dewatto_Bay,dnr_48,DWT,NA,47.45124,-123.06027,2020,
Hood_Canal,Quilcene_Bay,dnr_north,QB1,-0.5,47.79487,-122.86897,2020,
Hood_Canal,Quilcene_Bay,dnr_south,QB2,-0.5,47.78238,-122.86652,2022,
Central,Liberty_Bay,dogfish_bay,DFB,-0.5,47.70089,-122.63394,2025,
Central,Liberty_Bay,dogfish_creek,DFC,-0.8,47.73645,-122.6513,2025,
Central,Liberty_Bay,dogfish_creek_bare,DFC-B,-0.8,47.73645,-122.6513,2025,
Central,Liberty_Bay,dogfish_creek_seeded,DFC-S,-0.8,47.73645,-122.6513,2025,
Hood_Canal,Hood_Canal,dosewallips,DW,0,47.70193,-122.88866,2015,
Hood_Canal,Quilcene_Bay,fishermans_pt,QB3,-0.5,47.7842,-122.85274,2025,
Central,Miller_Bay,groverscreek,MIL2,NA,47.75617,-122.55428,2024,
Hood_Canal,Hood_Canal,hamahama,HH,-0.5,47.54094,-123.03099,2015,
Central,Port_Madison,hiddencove,PMC,NA,NA,NA,2020,
North,Samish_Bay,jerrys_bar,SB3,-1,48.62246,-122.4576,2025,
North,Kiket_Bay,kiket_island,KIK,-1,48.41948,-122.5613,2021,
South,Totten_Inlet,little_skookum_inlet,LSI,-1.5,47.15423,-123.01801,2021,john adams
South,Carr_Inlet,maple_hollow,MH,-1,47.29928,-122.74547,2025,
Strait_of_Juan_de_Fuca,Discovery_Bay,mill_pond,DSCP,4,47.99736,-122.88237,2021,
South,Carr_Inlet,minterbrook,MB,-0.5,47.35488,-122.69149,2025,
Central,Dyes_Inlet,mud_bay1,MUD1,-1.5,47.5929,-122.67273,2025,
Central,Dyes_Inlet,mud_bay2,MUD2,0,47.59234,-122.67276,2014,
Central,Dyes_Inlet,mud_bay3,MUD3,3,47.5899,-122.67331,2014,
Admiralty,Kilisut_Harbor,mysterybay,MYS,NA,48.05898,-122.69688,2023,
South,Henderson_Inlet,nisqually_sf,HIC,0,47.11663,-122.83224,2025,
Admiralty,Kilisut_Harbor,nordland_generalstore,NGS,-0.2,48.05087,-122.6919,2025,
North,Fidalgo_Bay,north_barge,FBN,0,48.4823,-122.575,2016,from Pauls notes
North,Fidalgo_Bay,north_middle_shellplot,NMS,-1,48.48673,-122.577,2016,from Pauls notes
North,Similk_Bay,north_of_kiket,NKIK,-1,48.42204,-122.55923,2025,
North,Fidalgo_Bay,north_shellplot,NS,-0.5,48.48673,-122.5774,2016,from Pauls notes
South,Oakland_Bay,ogg_property,OAK,3,47.24564,-123.03609,2025,
South,Nisqually_Reach,oro_bay,ORO,0,47.13527,-122.70493,2021,nisqually land trust
Central,Dyes_Inlet,oyster_bay,OB,-0.5,47.57548,-122.6738,2025,
Central,Dyes_Inlet,oyster_bay_seeded,OB-S,-0.5,47.57542,-122.67384,2021,
Central,Dyes_Inlet,oyster_bay_shellbag,OB-BAG,-0.5,47.57542,-122.67384,2021,
Central,Dyes_Inlet,oyster_bay_yearlong,OB-LT,-0.5,47.57542,-122.67384,2022,
North,Padilla_Bay,padilla_bayview,BV,NA,NA,NA,NA,
North,Padilla_Bay,padillabay,PB,NA,48.47525,-122.48766,2024,
South,Squaxin_Island,palela_bay,SQX1,-1.5,47.21307,-122.91338,2025,previous shell enhancement
South,Carr_Inlet,penrose_sp1,PEN1,-1,47.25993,-122.747,2025,
South,Carr_Inlet,penrose_sp2,PEN2,-1,47.25958,-122.74798,2025,
Admiralty,Port_Gamble,PGSK_tribe,PGT,-0.5,47.81869,-122.57483,2020,
North,Portage_Bay,portage_bay,POR,0.4,48.72733,-122.63933,2025,
Admiralty,Port_Gamble,portgamble_hilton,PGH,-1,47.82016,-122.56999,2018,GPS for 2014 PGBh is different
Admiralty,Port_Gamble,portgamble_kitsap,PGK,-0.5,47.82672,-122.58357,2025,
Admiralty,Port_Gamble,portgamble_shorn,PGS,-1,47.82187,-122.58164,2018,
Central,Port_Madison,portmadison_donsproperty,PMD,-1,47.6965,-122.54424,2025,
Hood_Canal,Quilcene_Bay,quilcenebay_head,QBH,NA,47.8074,-122.86215,2025,
North,Fidalgo_Bay,rockcauseway_n,RCN,-1,48.47135,-122.5833,2016,from Pauls notes
Central,Port_Madison,saltwaterpool,PMP,NA,NA,NA,2020,
North,Samish_Bay,samish_bay,SB,NA,48.57386,-122.47256,2025,
North,Samish_Bay,samish_bay_middle,SB2,-0.5,48.60452,-122.44212,2025,
North,Padilla_Bay,samish_island,SAM,NA,48.50423,-122.49031,2024,
South,Case_Inlet,sargeantsdike_northbay,NB1,-1,47.39262,-122.82135,2016,
Admiralty,Kilisut_Harbor,scowbay,KH,NA,48.02069,-122.70001,2025,
North,Drayton_Harbor,semiahmoo,SMO,NA,48.98607,-122.77435,2020,
Strait_of_Juan_de_Fuca,Sequim_Bay,sequimbay2,SQM2,NA,48.02771,-122.9993,2020,
Strait_of_Juan_de_Fuca,Sequim_Bay,sequimhead_jsk,SQM1,-0.5,48.02663,-123.0032,2025,
South,Case_Inlet,sherwoodcreek_northbay,NB3,-0.5,47.37562,-122.82729,2025,
Central,Dyes_Inlet,silverdale,SD,-1,47.64612,-122.6873,2025,
North,Similk_Bay,similk_bay,SIM,NA,48.44291,-122.57653,2022,
North,Similk_Bay,similk_farm,SIMF,-1,48.44337,-122.57741,2025,
Central,Sinclair_Inlet,sinclair_inlet,SI,-1,47.53085,-122.68514,2025,
Central,Sinclair_Inlet,sinclair_inlet_seeded,SI-S,-1,47.53086,-122.68514,2021,
Central,Sinclair_Inlet,sinclair_inlet_shellbag,SI-BAG,-1,47.53086,-122.68514,2021,
North,Kiket_Bay,skagit_island,SKA,NA,48.4148,-122.57637,2020,
Hood_Canal,Annas_Bay,skokomish_tideflats,SKO1,NA,47.3462,-123.14012,2025,Blair Paul
North,Fidalgo_Bay,trestle_mrc_b,FB,-0.5,48.47806,-122.57583,2025,
North,Fidalgo_Bay,trestle_southeast,FBS,0,48.47814,-122.5768,2015,from Pauls notes
North,Similk_Bay,turners_bay,TUR,-1,48.44533,-122.5507,2025,
South,Case_Inlet,victor_northbay,NB2,-0.5,47.39314,-122.81554,2020,
Hood_Canal,Quilcene_Bay,wdfw_ne,QB4,-0.5,47.80176,-122.84711,2021,
Hood_Canal,Quilcene_Bay,wdfw_rec,QB5,-1,47.80764,-122.8632,2020,from Cherlys email
North,Fidalgo_Bay,weaverling_spit,FBW,-0.3,48.48361,-122.58861,2025,
North,Padilla_Bay,picnic_point,PB1,-0.5,48.46581,-122.4748,2025,
North,Padilla_Bay,noname_slough,PB2,0,48.46987,-122.47285,2025,
North,Padilla_Bay,swinomish_channel,PB3,-1.5,48.4813,-122.52868,2025,
North,Padilla_Bay,telegraph_slough,PB4,-1.5,48.46484,-122.50457,2025,
North,Padilla_Bay,w90,PB5,1,48.54557,-122.50517,2025,
Central,Commencement_Bay,chinook_landing,COM,-0.5,47.28061,-122.39948,2025,
South,Carr_Inlet,stillharbor_mcneil,SHM,-0.5,47.21367,-122.66261,2025,
