standard_station_id,year,index,basin,waterbody,standard_station,elevation_ft_mllw,latitude,longitude,last_year_active,notes
BL,2014,NA,South Puget Sound,Carr Inlet,Burley Lagoon,-0.5,47.39217,-122.63141,2025,NA
BL,2015,NA,South Puget Sound,Carr Inlet,Burley Lagoon,-0.5,47.39217,-122.63141,2025,NA
BL,2016,NA,South Puget Sound,Carr Inlet,Burley Lagoon,-0.5,47.39217,-122.63141,2025,NA
BL,2017,NA,South Puget Sound,Carr Inlet,Burley Lagoon,-0.5,47.39217,-122.63141,2025,NA
BL,2018,NA,South Puget Sound,Carr Inlet,Burley Lagoon,-0.5,47.39217,-122.63141,2025,NA
BL,2019,NA,South Puget Sound,Carr Inlet,Burley Lagoon,-0.5,47.39217,-122.63141,2025,NA
BL,2020,1.93,South Puget Sound,Carr Inlet,Burley Lagoon,-0.5,47.39217,-122.63141,2025,NA
BL,2021,6.2,South Puget Sound,Carr Inlet,Burley Lagoon,-0.5,47.39217,-122.63141,2025,NA
BL,2022,0.27,South Puget Sound,Carr Inlet,Burley Lagoon,-0.5,47.39217,-122.63141,2025,NA
BL,2023,17.97,South Puget Sound,Carr Inlet,Burley Lagoon,-0.5,47.39217,-122.63141,2025,NA
BL,2024,0.2,South Puget Sound,Carr Inlet,Burley Lagoon,-0.5,47.39217,-122.63141,2025,NA
BLF,2014,NA,Hood Canal,East Arm,Belfair Sp,-0.5,47.42468,-122.87466,2025,NA
BLF,2015,8,Hood Canal,East Arm,Belfair Sp,-0.5,47.42468,-122.87466,2025,NA
BLF,2016,NA,Hood Canal,East Arm,Belfair Sp,-0.5,47.42468,-122.87466,2025,NA
BLF,2017,NA,Hood Canal,East Arm,Belfair Sp,-0.5,47.42468,-122.87466,2025,NA
BLF,2018,NA,Hood Canal,East Arm,Belfair Sp,-0.5,47.42468,-122.87466,2025,NA
BLF,2019,0,Hood Canal,East Arm,Belfair Sp,-0.5,47.42468,-122.87466,2025,NA
BLF,2020,0.2,Hood Canal,East Arm,Belfair Sp,-0.5,47.42468,-122.87466,2025,NA
BLF,2021,0.33,Hood Canal,East Arm,Belfair Sp,-0.5,47.42468,-122.87466,2025,NA
BLF,2022,0.14,Hood Canal,East Arm,Belfair Sp,-0.5,47.42468,-122.87466,2025,NA
BLF,2023,0,Hood Canal,East Arm,Belfair Sp,-0.5,47.42468,-122.87466,2025,NA
BLF,2024,0.23,Hood Canal,East Arm,Belfair Sp,-0.5,47.42468,-122.87466,2025,NA
BUD1,2014,NA,South Puget Sound,Budd Inlet,Budd Inlet1,-0.5,47.05762,-122.89587,2025,NA
BUD1,2015,NA,South Puget Sound,Budd Inlet,Budd Inlet1,-0.5,47.05762,-122.89587,2025,NA
BUD1,2016,1,South Puget Sound,Budd Inlet,Budd Inlet1,-0.5,47.05762,-122.89587,2025,NA
BUD1,2017,4.37,South Puget Sound,Budd Inlet,Budd Inlet1,-0.5,47.05762,-122.89587,2025,NA
BUD1,2018,2.67,South Puget Sound,Budd Inlet,Budd Inlet1,-0.5,47.05762,-122.89587,2025,NA
BUD1,2019,NA,South Puget Sound,Budd Inlet,Budd Inlet1,-0.5,47.05762,-122.89587,2025,NA
BUD1,2020,0.07,South Puget Sound,Budd Inlet,Budd Inlet1,-0.5,47.05762,-122.89587,2025,NA
BUD1,2021,0.07,South Puget Sound,Budd Inlet,Budd Inlet1,-0.5,47.05762,-122.89587,2025,NA
BUD1,2022,0,South Puget Sound,Budd Inlet,Budd Inlet1,-0.5,47.05762,-122.89587,2025,NA
BUD1,2023,0.03,South Puget Sound,Budd Inlet,Budd Inlet1,-0.5,47.05762,-122.89587,2025,NA
BUD1,2024,0.37,South Puget Sound,Budd Inlet,Budd Inlet1,-0.5,47.05762,-122.89587,2025,NA
BUD2,2014,NA,South Puget Sound,Budd Inlet,Budd Inlet2,-0.5,47.05121,-122.89506,2017,NA
BUD2,2015,NA,South Puget Sound,Budd Inlet,Budd Inlet2,-0.5,47.05121,-122.89506,2017,NA
BUD2,2016,0.2,South Puget Sound,Budd Inlet,Budd Inlet2,-0.5,47.05121,-122.89506,2017,NA
BUD2,2017,0.23,South Puget Sound,Budd Inlet,Budd Inlet2,-0.5,47.05121,-122.89506,2017,NA
BUD2,2018,NA,South Puget Sound,Budd Inlet,Budd Inlet2,-0.5,47.05121,-122.89506,2017,NA
BUD2,2019,NA,South Puget Sound,Budd Inlet,Budd Inlet2,-0.5,47.05121,-122.89506,2017,NA
BUD2,2020,NA,South Puget Sound,Budd Inlet,Budd Inlet2,-0.5,47.05121,-122.89506,2017,NA
BUD2,2021,NA,South Puget Sound,Budd Inlet,Budd Inlet2,-0.5,47.05121,-122.89506,2017,NA
BUD2,2022,NA,South Puget Sound,Budd Inlet,Budd Inlet2,-0.5,47.05121,-122.89506,2017,NA
BUD2,2023,NA,South Puget Sound,Budd Inlet,Budd Inlet2,-0.5,47.05121,-122.89506,2017,NA
BUD2,2024,NA,South Puget Sound,Budd Inlet,Budd Inlet2,-0.5,47.05121,-122.89506,2017,NA
BUD3,2014,NA,South Puget Sound,Budd Inlet,Budd Inlet3,-0.5,47.05489,-122.89532,2017,NA
BUD3,2015,NA,South Puget Sound,Budd Inlet,Budd Inlet3,-0.5,47.05489,-122.89532,2017,NA
BUD3,2016,0.46,South Puget Sound,Budd Inlet,Budd Inlet3,-0.5,47.05489,-122.89532,2017,NA
BUD3,2017,1.97,South Puget Sound,Budd Inlet,Budd Inlet3,-0.5,47.05489,-122.89532,2017,NA
BUD3,2018,NA,South Puget Sound,Budd Inlet,Budd Inlet3,-0.5,47.05489,-122.89532,2017,NA
BUD3,2019,NA,South Puget Sound,Budd Inlet,Budd Inlet3,-0.5,47.05489,-122.89532,2017,NA
BUD3,2020,NA,South Puget Sound,Budd Inlet,Budd Inlet3,-0.5,47.05489,-122.89532,2017,NA
BUD3,2021,NA,South Puget Sound,Budd Inlet,Budd Inlet3,-0.5,47.05489,-122.89532,2017,NA
BUD3,2022,NA,South Puget Sound,Budd Inlet,Budd Inlet3,-0.5,47.05489,-122.89532,2017,NA
BUD3,2023,NA,South Puget Sound,Budd Inlet,Budd Inlet3,-0.5,47.05489,-122.89532,2017,NA
BUD3,2024,NA,South Puget Sound,Budd Inlet,Budd Inlet3,-0.5,47.05489,-122.89532,2017,NA
BUD4,2014,NA,South Puget Sound,Budd Inlet,Budd Inlet4,-0.5,47.05485,-122.91123,2017,NA
BUD4,2015,NA,South Puget Sound,Budd Inlet,Budd Inlet4,-0.5,47.05485,-122.91123,2017,NA
BUD4,2016,0.2,South Puget Sound,Budd Inlet,Budd Inlet4,-0.5,47.05485,-122.91123,2017,NA
BUD4,2017,0.5,South Puget Sound,Budd Inlet,Budd Inlet4,-0.5,47.05485,-122.91123,2017,NA
BUD4,2018,NA,South Puget Sound,Budd Inlet,Budd Inlet4,-0.5,47.05485,-122.91123,2017,NA
BUD4,2019,NA,South Puget Sound,Budd Inlet,Budd Inlet4,-0.5,47.05485,-122.91123,2017,NA
BUD4,2020,NA,South Puget Sound,Budd Inlet,Budd Inlet4,-0.5,47.05485,-122.91123,2017,NA
BUD4,2021,NA,South Puget Sound,Budd Inlet,Budd Inlet4,-0.5,47.05485,-122.91123,2017,NA
BUD4,2022,NA,South Puget Sound,Budd Inlet,Budd Inlet4,-0.5,47.05485,-122.91123,2017,NA
BUD4,2023,NA,South Puget Sound,Budd Inlet,Budd Inlet4,-0.5,47.05485,-122.91123,2017,NA
BUD4,2024,NA,South Puget Sound,Budd Inlet,Budd Inlet4,-0.5,47.05485,-122.91123,2017,NA
BUD5,2014,NA,South Puget Sound,Budd Inlet,Budd Inlet5,-0.5,47.0585,-122.91121,2017,NA
BUD5,2015,NA,South Puget Sound,Budd Inlet,Budd Inlet5,-0.5,47.0585,-122.91121,2017,NA
BUD5,2016,0.47,South Puget Sound,Budd Inlet,Budd Inlet5,-0.5,47.0585,-122.91121,2017,NA
BUD5,2017,0,South Puget Sound,Budd Inlet,Budd Inlet5,-0.5,47.0585,-122.91121,2017,NA
BUD5,2018,NA,South Puget Sound,Budd Inlet,Budd Inlet5,-0.5,47.0585,-122.91121,2017,NA
BUD5,2019,NA,South Puget Sound,Budd Inlet,Budd Inlet5,-0.5,47.0585,-122.91121,2017,NA
BUD5,2020,NA,South Puget Sound,Budd Inlet,Budd Inlet5,-0.5,47.0585,-122.91121,2017,NA
BUD5,2021,NA,South Puget Sound,Budd Inlet,Budd Inlet5,-0.5,47.0585,-122.91121,2017,NA
BUD5,2022,NA,South Puget Sound,Budd Inlet,Budd Inlet5,-0.5,47.0585,-122.91121,2017,NA
BUD5,2023,NA,South Puget Sound,Budd Inlet,Budd Inlet5,-0.5,47.0585,-122.91121,2017,NA
BUD5,2024,NA,South Puget Sound,Budd Inlet,Budd Inlet5,-0.5,47.0585,-122.91121,2017,NA
CB2,2014,NA,Central Puget Sound,Dyes Inlet,Chico Bay2,-0.5,47.6082,-122.7057,2025,NA
CB2,2015,NA,Central Puget Sound,Dyes Inlet,Chico Bay2,-0.5,47.6082,-122.7057,2025,NA
CB2,2016,NA,Central Puget Sound,Dyes Inlet,Chico Bay2,-0.5,47.6082,-122.7057,2025,NA
CB2,2017,2.07,Central Puget Sound,Dyes Inlet,Chico Bay2,-0.5,47.6082,-122.7057,2025,NA
CB2,2018,1.07,Central Puget Sound,Dyes Inlet,Chico Bay2,-0.5,47.6082,-122.7057,2025,NA
CB2,2019,0.57,Central Puget Sound,Dyes Inlet,Chico Bay2,-0.5,47.6082,-122.7057,2025,NA
CB2,2020,0.1,Central Puget Sound,Dyes Inlet,Chico Bay2,-0.5,47.6082,-122.7057,2025,NA
CB2,2021,0.13,Central Puget Sound,Dyes Inlet,Chico Bay2,-0.5,47.6082,-122.7057,2025,NA
CB2,2022,0.17,Central Puget Sound,Dyes Inlet,Chico Bay2,-0.5,47.6082,-122.7057,2025,NA
CB2,2023,0.7,Central Puget Sound,Dyes Inlet,Chico Bay2,-0.5,47.6082,-122.7057,2025,NA
CB2,2024,0.07,Central Puget Sound,Dyes Inlet,Chico Bay2,-0.5,47.6082,-122.7057,2025,NA
DB,2014,NA,Hood Canal,Dabob Bay,Dabob Bay,-2,47.81997,-122.82464,2025,NA
DB,2015,NA,Hood Canal,Dabob Bay,Dabob Bay,-2,47.81997,-122.82464,2025,NA
DB,2016,NA,Hood Canal,Dabob Bay,Dabob Bay,-2,47.81997,-122.82464,2025,NA
DB,2017,NA,Hood Canal,Dabob Bay,Dabob Bay,-2,47.81997,-122.82464,2025,NA
DB,2018,NA,Hood Canal,Dabob Bay,Dabob Bay,-2,47.81997,-122.82464,2025,NA
DB,2019,0.1,Hood Canal,Dabob Bay,Dabob Bay,-2,47.81997,-122.82464,2025,NA
DB,2020,0,Hood Canal,Dabob Bay,Dabob Bay,-2,47.81997,-122.82464,2025,NA
DB,2021,13.8,Hood Canal,Dabob Bay,Dabob Bay,-2,47.81997,-122.82464,2025,NA
DB,2022,NA,Hood Canal,Dabob Bay,Dabob Bay,-2,47.81997,-122.82464,2025,NA
DB,2023,2.1,Hood Canal,Dabob Bay,Dabob Bay,-2,47.81997,-122.82464,2025,NA
DB,2024,0.13,Hood Canal,Dabob Bay,Dabob Bay,-2,47.81997,-122.82464,2025,NA
DFB,2014,NA,Central Puget Sound,Liberty Bay,Dogfish Bay,-0.5,47.70089,-122.63394,2025,NA
DFB,2015,5.38,Central Puget Sound,Liberty Bay,Dogfish Bay,-0.5,47.70089,-122.63394,2025,NA
DFB,2016,0.21,Central Puget Sound,Liberty Bay,Dogfish Bay,-0.5,47.70089,-122.63394,2025,NA
DFB,2017,0.43,Central Puget Sound,Liberty Bay,Dogfish Bay,-0.5,47.70089,-122.63394,2025,NA
DFB,2018,NA,Central Puget Sound,Liberty Bay,Dogfish Bay,-0.5,47.70089,-122.63394,2025,NA
DFB,2019,0.2,Central Puget Sound,Liberty Bay,Dogfish Bay,-0.5,47.70089,-122.63394,2025,NA
DFB,2020,0,Central Puget Sound,Liberty Bay,Dogfish Bay,-0.5,47.70089,-122.63394,2025,NA
DFB,2021,2.37,Central Puget Sound,Liberty Bay,Dogfish Bay,-0.5,47.70089,-122.63394,2025,NA
DFB,2022,0,Central Puget Sound,Liberty Bay,Dogfish Bay,-0.5,47.70089,-122.63394,2025,NA
DFB,2023,2.7,Central Puget Sound,Liberty Bay,Dogfish Bay,-0.5,47.70089,-122.63394,2025,NA
DFB,2024,1.07,Central Puget Sound,Liberty Bay,Dogfish Bay,-0.5,47.70089,-122.63394,2025,NA
DFC,2014,NA,Central Puget Sound,Liberty Bay,Dogfish Creek,-0.8,47.73645,-122.6513,2025,NA
DFC,2015,3.57,Central Puget Sound,Liberty Bay,Dogfish Creek,-0.8,47.73645,-122.6513,2025,NA
DFC,2016,0.23,Central Puget Sound,Liberty Bay,Dogfish Creek,-0.8,47.73645,-122.6513,2025,NA
DFC,2017,0.28,Central Puget Sound,Liberty Bay,Dogfish Creek,-0.8,47.73645,-122.6513,2025,NA
DFC,2018,0.67,Central Puget Sound,Liberty Bay,Dogfish Creek,-0.8,47.73645,-122.6513,2025,NA
DFC,2019,0.43,Central Puget Sound,Liberty Bay,Dogfish Creek,-0.8,47.73645,-122.6513,2025,NA
DFC,2020,0.07,Central Puget Sound,Liberty Bay,Dogfish Creek,-0.8,47.73645,-122.6513,2025,NA
DFC,2021,1.3,Central Puget Sound,Liberty Bay,Dogfish Creek,-0.8,47.73645,-122.6513,2025,NA
DFC,2022,0,Central Puget Sound,Liberty Bay,Dogfish Creek,-0.8,47.73645,-122.6513,2025,NA
DFC,2023,0.37,Central Puget Sound,Liberty Bay,Dogfish Creek,-0.8,47.73645,-122.6513,2025,NA
DFC,2024,0.67,Central Puget Sound,Liberty Bay,Dogfish Creek,-0.8,47.73645,-122.6513,2025,NA
DFC-B,2014,NA,Central Puget Sound,Liberty Bay,Dogfish Creek Bare,-0.8,47.73645,-122.6513,2025,NA
DFC-B,2015,NA,Central Puget Sound,Liberty Bay,Dogfish Creek Bare,-0.8,47.73645,-122.6513,2025,NA
DFC-B,2016,NA,Central Puget Sound,Liberty Bay,Dogfish Creek Bare,-0.8,47.73645,-122.6513,2025,NA
DFC-B,2017,NA,Central Puget Sound,Liberty Bay,Dogfish Creek Bare,-0.8,47.73645,-122.6513,2025,NA
DFC-B,2018,NA,Central Puget Sound,Liberty Bay,Dogfish Creek Bare,-0.8,47.73645,-122.6513,2025,NA
DFC-B,2019,NA,Central Puget Sound,Liberty Bay,Dogfish Creek Bare,-0.8,47.73645,-122.6513,2025,NA
DFC-B,2020,NA,Central Puget Sound,Liberty Bay,Dogfish Creek Bare,-0.8,47.73645,-122.6513,2025,NA
DFC-B,2021,NA,Central Puget Sound,Liberty Bay,Dogfish Creek Bare,-0.8,47.73645,-122.6513,2025,NA
DFC-B,2022,NA,Central Puget Sound,Liberty Bay,Dogfish Creek Bare,-0.8,47.73645,-122.6513,2025,NA
DFC-B,2023,0.73,Central Puget Sound,Liberty Bay,Dogfish Creek Bare,-0.8,47.73645,-122.6513,2025,NA
DFC-B,2024,0.63,Central Puget Sound,Liberty Bay,Dogfish Creek Bare,-0.8,47.73645,-122.6513,2025,NA
DFC-S,2014,NA,Central Puget Sound,Liberty Bay,Dogfish Creek Seeded,-0.8,47.73645,-122.6513,2025,NA
DFC-S,2015,NA,Central Puget Sound,Liberty Bay,Dogfish Creek Seeded,-0.8,47.73645,-122.6513,2025,NA
DFC-S,2016,NA,Central Puget Sound,Liberty Bay,Dogfish Creek Seeded,-0.8,47.73645,-122.6513,2025,NA
DFC-S,2017,NA,Central Puget Sound,Liberty Bay,Dogfish Creek Seeded,-0.8,47.73645,-122.6513,2025,NA
DFC-S,2018,NA,Central Puget Sound,Liberty Bay,Dogfish Creek Seeded,-0.8,47.73645,-122.6513,2025,NA
DFC-S,2019,NA,Central Puget Sound,Liberty Bay,Dogfish Creek Seeded,-0.8,47.73645,-122.6513,2025,NA
DFC-S,2020,NA,Central Puget Sound,Liberty Bay,Dogfish Creek Seeded,-0.8,47.73645,-122.6513,2025,NA
DFC-S,2021,NA,Central Puget Sound,Liberty Bay,Dogfish Creek Seeded,-0.8,47.73645,-122.6513,2025,NA
DFC-S,2022,NA,Central Puget Sound,Liberty Bay,Dogfish Creek Seeded,-0.8,47.73645,-122.6513,2025,NA
DFC-S,2023,0.27,Central Puget Sound,Liberty Bay,Dogfish Creek Seeded,-0.8,47.73645,-122.6513,2025,NA
DFC-S,2024,0.6,Central Puget Sound,Liberty Bay,Dogfish Creek Seeded,-0.8,47.73645,-122.6513,2025,NA
DH,2014,NA,North Puget Sound,Drayton Harbor,Dhoco,NA,48.98696,-122.75997,2025,NA
DH,2015,NA,North Puget Sound,Drayton Harbor,Dhoco,NA,48.98696,-122.75997,2025,NA
DH,2016,NA,North Puget Sound,Drayton Harbor,Dhoco,NA,48.98696,-122.75997,2025,NA
DH,2017,NA,North Puget Sound,Drayton Harbor,Dhoco,NA,48.98696,-122.75997,2025,NA
DH,2018,0,North Puget Sound,Drayton Harbor,Dhoco,NA,48.98696,-122.75997,2025,NA
DH,2019,1.5,North Puget Sound,Drayton Harbor,Dhoco,NA,48.98696,-122.75997,2025,NA
DH,2020,0,North Puget Sound,Drayton Harbor,Dhoco,NA,48.98696,-122.75997,2025,NA
DH,2021,0.2,North Puget Sound,Drayton Harbor,Dhoco,NA,48.98696,-122.75997,2025,NA
DH,2022,0,North Puget Sound,Drayton Harbor,Dhoco,NA,48.98696,-122.75997,2025,NA
DH,2023,0,North Puget Sound,Drayton Harbor,Dhoco,NA,48.98696,-122.75997,2025,NA
DH,2024,NA,North Puget Sound,Drayton Harbor,Dhoco,NA,48.98696,-122.75997,2025,NA
DHC,2014,NA,North Puget Sound,Drayton Harbor,California Creek,5,48.96158,-122.73268,2022,"elevation unconfirmed, this is tide water at the mouth of the creek, site remains wet during low water"
DHC,2015,NA,North Puget Sound,Drayton Harbor,California Creek,5,48.96158,-122.73268,2022,"elevation unconfirmed, this is tide water at the mouth of the creek, site remains wet during low water"
DHC,2016,NA,North Puget Sound,Drayton Harbor,California Creek,5,48.96158,-122.73268,2022,"elevation unconfirmed, this is tide water at the mouth of the creek, site remains wet during low water"
DHC,2017,NA,North Puget Sound,Drayton Harbor,California Creek,5,48.96158,-122.73268,2022,"elevation unconfirmed, this is tide water at the mouth of the creek, site remains wet during low water"
DHC,2018,0,North Puget Sound,Drayton Harbor,California Creek,5,48.96158,-122.73268,2022,"elevation unconfirmed, this is tide water at the mouth of the creek, site remains wet during low water"
DHC,2019,0.03,North Puget Sound,Drayton Harbor,California Creek,5,48.96158,-122.73268,2022,"elevation unconfirmed, this is tide water at the mouth of the creek, site remains wet during low water"
DHC,2020,0,North Puget Sound,Drayton Harbor,California Creek,5,48.96158,-122.73268,2022,"elevation unconfirmed, this is tide water at the mouth of the creek, site remains wet during low water"
DHC,2021,NA,North Puget Sound,Drayton Harbor,California Creek,5,48.96158,-122.73268,2022,"elevation unconfirmed, this is tide water at the mouth of the creek, site remains wet during low water"
DHC,2022,NA,North Puget Sound,Drayton Harbor,California Creek,5,48.96158,-122.73268,2022,"elevation unconfirmed, this is tide water at the mouth of the creek, site remains wet during low water"
DHC,2023,NA,North Puget Sound,Drayton Harbor,California Creek,5,48.96158,-122.73268,2022,"elevation unconfirmed, this is tide water at the mouth of the creek, site remains wet during low water"
DHC,2024,NA,North Puget Sound,Drayton Harbor,California Creek,5,48.96158,-122.73268,2022,"elevation unconfirmed, this is tide water at the mouth of the creek, site remains wet during low water"
DSC,2014,NA,Strait of Juan de Fuca,Discovery Bay,Discovery Bay,-0.5,47.99762,-122.88252,2025,NA
DSC,2015,3.16,Strait of Juan de Fuca,Discovery Bay,Discovery Bay,-0.5,47.99762,-122.88252,2025,NA
DSC,2016,1.57,Strait of Juan de Fuca,Discovery Bay,Discovery Bay,-0.5,47.99762,-122.88252,2025,NA
DSC,2017,2.88,Strait of Juan de Fuca,Discovery Bay,Discovery Bay,-0.5,47.99762,-122.88252,2025,NA
DSC,2018,0.38,Strait of Juan de Fuca,Discovery Bay,Discovery Bay,-0.5,47.99762,-122.88252,2025,NA
DSC,2019,2.13,Strait of Juan de Fuca,Discovery Bay,Discovery Bay,-0.5,47.99762,-122.88252,2025,NA
DSC,2020,0.93,Strait of Juan de Fuca,Discovery Bay,Discovery Bay,-0.5,47.99762,-122.88252,2025,NA
DSC,2021,NA,Strait of Juan de Fuca,Discovery Bay,Discovery Bay,-0.5,47.99762,-122.88252,2025,NA
DSC,2022,1.17,Strait of Juan de Fuca,Discovery Bay,Discovery Bay,-0.5,47.99762,-122.88252,2025,NA
DSC,2023,4.28,Strait of Juan de Fuca,Discovery Bay,Discovery Bay,-0.5,47.99762,-122.88252,2025,NA
DSC,2024,13.8,Strait of Juan de Fuca,Discovery Bay,Discovery Bay,-0.5,47.99762,-122.88252,2025,NA
DWT,2014,NA,Hood Canal,Dewatto Bay,Dnr 48,NA,47.45124,-123.06027,2020,NA
DWT,2015,NA,Hood Canal,Dewatto Bay,Dnr 48,NA,47.45124,-123.06027,2020,NA
DWT,2016,NA,Hood Canal,Dewatto Bay,Dnr 48,NA,47.45124,-123.06027,2020,NA
DWT,2017,NA,Hood Canal,Dewatto Bay,Dnr 48,NA,47.45124,-123.06027,2020,NA
DWT,2018,NA,Hood Canal,Dewatto Bay,Dnr 48,NA,47.45124,-123.06027,2020,NA
DWT,2019,0.07,Hood Canal,Dewatto Bay,Dnr 48,NA,47.45124,-123.06027,2020,NA
DWT,2020,0.04,Hood Canal,Dewatto Bay,Dnr 48,NA,47.45124,-123.06027,2020,NA
DWT,2021,NA,Hood Canal,Dewatto Bay,Dnr 48,NA,47.45124,-123.06027,2020,NA
DWT,2022,NA,Hood Canal,Dewatto Bay,Dnr 48,NA,47.45124,-123.06027,2020,NA
DWT,2023,NA,Hood Canal,Dewatto Bay,Dnr 48,NA,47.45124,-123.06027,2020,NA
DWT,2024,NA,Hood Canal,Dewatto Bay,Dnr 48,NA,47.45124,-123.06027,2020,NA
FB,2014,NA,North Puget Sound,Fidalgo Bay,Trestle Mrc B,-0.5,48.47806,-122.57583,2025,NA
FB,2015,24,North Puget Sound,Fidalgo Bay,Trestle Mrc B,-0.5,48.47806,-122.57583,2025,NA
FB,2016,0.93,North Puget Sound,Fidalgo Bay,Trestle Mrc B,-0.5,48.47806,-122.57583,2025,NA
FB,2017,NA,North Puget Sound,Fidalgo Bay,Trestle Mrc B,-0.5,48.47806,-122.57583,2025,NA
FB,2018,0.07,North Puget Sound,Fidalgo Bay,Trestle Mrc B,-0.5,48.47806,-122.57583,2025,NA
FB,2019,1.4,North Puget Sound,Fidalgo Bay,Trestle Mrc B,-0.5,48.47806,-122.57583,2025,NA
FB,2020,2.43,North Puget Sound,Fidalgo Bay,Trestle Mrc B,-0.5,48.47806,-122.57583,2025,NA
FB,2021,30.79,North Puget Sound,Fidalgo Bay,Trestle Mrc B,-0.5,48.47806,-122.57583,2025,NA
FB,2022,13.67,North Puget Sound,Fidalgo Bay,Trestle Mrc B,-0.5,48.47806,-122.57583,2025,NA
FB,2023,NA,North Puget Sound,Fidalgo Bay,Trestle Mrc B,-0.5,48.47806,-122.57583,2025,NA
FB,2024,38.73,North Puget Sound,Fidalgo Bay,Trestle Mrc B,-0.5,48.47806,-122.57583,2025,NA
FBW,2014,NA,North Puget Sound,Fidalgo Bay,Weaverling Spit,-0.3,48.48361,-122.58861,2025,NA
FBW,2015,NA,North Puget Sound,Fidalgo Bay,Weaverling Spit,-0.3,48.48361,-122.58861,2025,NA
FBW,2016,NA,North Puget Sound,Fidalgo Bay,Weaverling Spit,-0.3,48.48361,-122.58861,2025,NA
FBW,2017,NA,North Puget Sound,Fidalgo Bay,Weaverling Spit,-0.3,48.48361,-122.58861,2025,NA
FBW,2018,NA,North Puget Sound,Fidalgo Bay,Weaverling Spit,-0.3,48.48361,-122.58861,2025,NA
FBW,2019,0.13,North Puget Sound,Fidalgo Bay,Weaverling Spit,-0.3,48.48361,-122.58861,2025,NA
FBW,2020,0.17,North Puget Sound,Fidalgo Bay,Weaverling Spit,-0.3,48.48361,-122.58861,2025,NA
FBW,2021,0.87,North Puget Sound,Fidalgo Bay,Weaverling Spit,-0.3,48.48361,-122.58861,2025,NA
FBW,2022,NA,North Puget Sound,Fidalgo Bay,Weaverling Spit,-0.3,48.48361,-122.58861,2025,NA
FBW,2023,NA,North Puget Sound,Fidalgo Bay,Weaverling Spit,-0.3,48.48361,-122.58861,2025,NA
FBW,2024,4.43,North Puget Sound,Fidalgo Bay,Weaverling Spit,-0.3,48.48361,-122.58861,2025,NA
HIA,2014,NA,South Puget Sound,Henderson Inlet,Allen,NA,47.12465,-122.82974,2020,NA
HIA,2015,NA,South Puget Sound,Henderson Inlet,Allen,NA,47.12465,-122.82974,2020,NA
HIA,2016,NA,South Puget Sound,Henderson Inlet,Allen,NA,47.12465,-122.82974,2020,NA
HIA,2017,NA,South Puget Sound,Henderson Inlet,Allen,NA,47.12465,-122.82974,2020,NA
HIA,2018,NA,South Puget Sound,Henderson Inlet,Allen,NA,47.12465,-122.82974,2020,NA
HIA,2019,0.03,South Puget Sound,Henderson Inlet,Allen,NA,47.12465,-122.82974,2020,NA
HIA,2020,0,South Puget Sound,Henderson Inlet,Allen,NA,47.12465,-122.82974,2020,NA
HIA,2021,NA,South Puget Sound,Henderson Inlet,Allen,NA,47.12465,-122.82974,2020,NA
HIA,2022,NA,South Puget Sound,Henderson Inlet,Allen,NA,47.12465,-122.82974,2020,NA
HIA,2023,NA,South Puget Sound,Henderson Inlet,Allen,NA,47.12465,-122.82974,2020,NA
HIA,2024,NA,South Puget Sound,Henderson Inlet,Allen,NA,47.12465,-122.82974,2020,NA
HIC,2014,NA,South Puget Sound,Henderson Inlet,Nisqually Sf,0,47.11663,-122.83224,2025,NA
HIC,2015,1.67,South Puget Sound,Henderson Inlet,Nisqually Sf,0,47.11663,-122.83224,2025,NA
HIC,2016,0.2,South Puget Sound,Henderson Inlet,Nisqually Sf,0,47.11663,-122.83224,2025,NA
HIC,2017,NA,South Puget Sound,Henderson Inlet,Nisqually Sf,0,47.11663,-122.83224,2025,NA
HIC,2018,0.07,South Puget Sound,Henderson Inlet,Nisqually Sf,0,47.11663,-122.83224,2025,NA
HIC,2019,0,South Puget Sound,Henderson Inlet,Nisqually Sf,0,47.11663,-122.83224,2025,NA
HIC,2020,0,South Puget Sound,Henderson Inlet,Nisqually Sf,0,47.11663,-122.83224,2025,NA
HIC,2021,0.77,South Puget Sound,Henderson Inlet,Nisqually Sf,0,47.11663,-122.83224,2025,NA
HIC,2022,0,South Puget Sound,Henderson Inlet,Nisqually Sf,0,47.11663,-122.83224,2025,NA
HIC,2023,0.11,South Puget Sound,Henderson Inlet,Nisqually Sf,0,47.11663,-122.83224,2025,NA
HIC,2024,0.03,South Puget Sound,Henderson Inlet,Nisqually Sf,0,47.11663,-122.83224,2025,NA
KH,2014,NA,Admiralty Inlet,Kilisut Harbor,Scowbay,NA,48.02069,-122.70001,2025,NA
KH,2015,NA,Admiralty Inlet,Kilisut Harbor,Scowbay,NA,48.02069,-122.70001,2025,NA
KH,2016,NA,Admiralty Inlet,Kilisut Harbor,Scowbay,NA,48.02069,-122.70001,2025,NA
KH,2017,NA,Admiralty Inlet,Kilisut Harbor,Scowbay,NA,48.02069,-122.70001,2025,NA
KH,2018,NA,Admiralty Inlet,Kilisut Harbor,Scowbay,NA,48.02069,-122.70001,2025,NA
KH,2019,NA,Admiralty Inlet,Kilisut Harbor,Scowbay,NA,48.02069,-122.70001,2025,NA
KH,2020,NA,Admiralty Inlet,Kilisut Harbor,Scowbay,NA,48.02069,-122.70001,2025,NA
KH,2021,0.4,Admiralty Inlet,Kilisut Harbor,Scowbay,NA,48.02069,-122.70001,2025,NA
KH,2022,0,Admiralty Inlet,Kilisut Harbor,Scowbay,NA,48.02069,-122.70001,2025,NA
KH,2023,1.13,Admiralty Inlet,Kilisut Harbor,Scowbay,NA,48.02069,-122.70001,2025,NA
KH,2024,0,Admiralty Inlet,Kilisut Harbor,Scowbay,NA,48.02069,-122.70001,2025,NA
KIK,2014,NA,North Puget Sound,Kiket Bay,Kiket Island,-1,48.41948,-122.5613,2021,NA
KIK,2015,NA,North Puget Sound,Kiket Bay,Kiket Island,-1,48.41948,-122.5613,2021,NA
KIK,2016,NA,North Puget Sound,Kiket Bay,Kiket Island,-1,48.41948,-122.5613,2021,NA
KIK,2017,NA,North Puget Sound,Kiket Bay,Kiket Island,-1,48.41948,-122.5613,2021,NA
KIK,2018,NA,North Puget Sound,Kiket Bay,Kiket Island,-1,48.41948,-122.5613,2021,NA
KIK,2019,0,North Puget Sound,Kiket Bay,Kiket Island,-1,48.41948,-122.5613,2021,NA
KIK,2020,0,North Puget Sound,Kiket Bay,Kiket Island,-1,48.41948,-122.5613,2021,NA
KIK,2021,0,North Puget Sound,Kiket Bay,Kiket Island,-1,48.41948,-122.5613,2021,NA
KIK,2022,NA,North Puget Sound,Kiket Bay,Kiket Island,-1,48.41948,-122.5613,2021,NA
KIK,2023,NA,North Puget Sound,Kiket Bay,Kiket Island,-1,48.41948,-122.5613,2021,NA
KIK,2024,NA,North Puget Sound,Kiket Bay,Kiket Island,-1,48.41948,-122.5613,2021,NA
MB,2014,NA,South Puget Sound,Carr Inlet,Minterbrook,-0.5,47.35488,-122.69149,2025,NA
MB,2015,3.23,South Puget Sound,Carr Inlet,Minterbrook,-0.5,47.35488,-122.69149,2025,NA
MB,2016,0,South Puget Sound,Carr Inlet,Minterbrook,-0.5,47.35488,-122.69149,2025,NA
MB,2017,NA,South Puget Sound,Carr Inlet,Minterbrook,-0.5,47.35488,-122.69149,2025,NA
MB,2018,NA,South Puget Sound,Carr Inlet,Minterbrook,-0.5,47.35488,-122.69149,2025,NA
MB,2019,0,South Puget Sound,Carr Inlet,Minterbrook,-0.5,47.35488,-122.69149,2025,NA
MB,2020,1,South Puget Sound,Carr Inlet,Minterbrook,-0.5,47.35488,-122.69149,2025,NA
MB,2021,0.23,South Puget Sound,Carr Inlet,Minterbrook,-0.5,47.35488,-122.69149,2025,NA
MB,2022,0,South Puget Sound,Carr Inlet,Minterbrook,-0.5,47.35488,-122.69149,2025,NA
MB,2023,1.61,South Puget Sound,Carr Inlet,Minterbrook,-0.5,47.35488,-122.69149,2025,NA
MB,2024,0,South Puget Sound,Carr Inlet,Minterbrook,-0.5,47.35488,-122.69149,2025,NA
MH,2014,NA,South Puget Sound,Carr Inlet,Maple Hollow,-1,47.29928,-122.74547,2025,NA
MH,2015,NA,South Puget Sound,Carr Inlet,Maple Hollow,-1,47.29928,-122.74547,2025,NA
MH,2016,NA,South Puget Sound,Carr Inlet,Maple Hollow,-1,47.29928,-122.74547,2025,NA
MH,2017,NA,South Puget Sound,Carr Inlet,Maple Hollow,-1,47.29928,-122.74547,2025,NA
MH,2018,NA,South Puget Sound,Carr Inlet,Maple Hollow,-1,47.29928,-122.74547,2025,NA
MH,2019,NA,South Puget Sound,Carr Inlet,Maple Hollow,-1,47.29928,-122.74547,2025,NA
MH,2020,0,South Puget Sound,Carr Inlet,Maple Hollow,-1,47.29928,-122.74547,2025,NA
MH,2021,NA,South Puget Sound,Carr Inlet,Maple Hollow,-1,47.29928,-122.74547,2025,NA
MH,2022,NA,South Puget Sound,Carr Inlet,Maple Hollow,-1,47.29928,-122.74547,2025,NA
MH,2023,NA,South Puget Sound,Carr Inlet,Maple Hollow,-1,47.29928,-122.74547,2025,NA
MH,2024,0,South Puget Sound,Carr Inlet,Maple Hollow,-1,47.29928,-122.74547,2025,NA
MIL1,2014,NA,Central Puget Sound,Miller Bay,Clam Island,NA,47.74916,-122.55541,2025,NA
MIL1,2015,NA,Central Puget Sound,Miller Bay,Clam Island,NA,47.74916,-122.55541,2025,NA
MIL1,2016,NA,Central Puget Sound,Miller Bay,Clam Island,NA,47.74916,-122.55541,2025,NA
MIL1,2017,NA,Central Puget Sound,Miller Bay,Clam Island,NA,47.74916,-122.55541,2025,NA
MIL1,2018,NA,Central Puget Sound,Miller Bay,Clam Island,NA,47.74916,-122.55541,2025,NA
MIL1,2019,NA,Central Puget Sound,Miller Bay,Clam Island,NA,47.74916,-122.55541,2025,NA
MIL1,2020,NA,Central Puget Sound,Miller Bay,Clam Island,NA,47.74916,-122.55541,2025,NA
MIL1,2021,0.06,Central Puget Sound,Miller Bay,Clam Island,NA,47.74916,-122.55541,2025,NA
MIL1,2022,NA,Central Puget Sound,Miller Bay,Clam Island,NA,47.74916,-122.55541,2025,NA
MIL1,2023,0,Central Puget Sound,Miller Bay,Clam Island,NA,47.74916,-122.55541,2025,NA
MIL1,2024,0,Central Puget Sound,Miller Bay,Clam Island,NA,47.74916,-122.55541,2025,NA
MIL2,2014,NA,Central Puget Sound,Miller Bay,Grovers Creek,NA,47.75617,-122.55428,2024,NA
MIL2,2015,NA,Central Puget Sound,Miller Bay,Grovers Creek,NA,47.75617,-122.55428,2024,NA
MIL2,2016,NA,Central Puget Sound,Miller Bay,Grovers Creek,NA,47.75617,-122.55428,2024,NA
MIL2,2017,NA,Central Puget Sound,Miller Bay,Grovers Creek,NA,47.75617,-122.55428,2024,NA
MIL2,2018,NA,Central Puget Sound,Miller Bay,Grovers Creek,NA,47.75617,-122.55428,2024,NA
MIL2,2019,NA,Central Puget Sound,Miller Bay,Grovers Creek,NA,47.75617,-122.55428,2024,NA
MIL2,2020,NA,Central Puget Sound,Miller Bay,Grovers Creek,NA,47.75617,-122.55428,2024,NA
MIL2,2021,0.13,Central Puget Sound,Miller Bay,Grovers Creek,NA,47.75617,-122.55428,2024,NA
MIL2,2022,0,Central Puget Sound,Miller Bay,Grovers Creek,NA,47.75617,-122.55428,2024,NA
MIL2,2023,0.03,Central Puget Sound,Miller Bay,Grovers Creek,NA,47.75617,-122.55428,2024,NA
MIL2,2024,0.3,Central Puget Sound,Miller Bay,Grovers Creek,NA,47.75617,-122.55428,2024,NA
MUD1,2014,NA,Central Puget Sound,Dyes Inlet,Mud Bay1,-1.5,47.5929,-122.67273,2025,NA
MUD1,2015,20.36,Central Puget Sound,Dyes Inlet,Mud Bay1,-1.5,47.5929,-122.67273,2025,NA
MUD1,2016,0.2,Central Puget Sound,Dyes Inlet,Mud Bay1,-1.5,47.5929,-122.67273,2025,NA
MUD1,2017,NA,Central Puget Sound,Dyes Inlet,Mud Bay1,-1.5,47.5929,-122.67273,2025,NA
MUD1,2018,0.57,Central Puget Sound,Dyes Inlet,Mud Bay1,-1.5,47.5929,-122.67273,2025,NA
MUD1,2019,2.33,Central Puget Sound,Dyes Inlet,Mud Bay1,-1.5,47.5929,-122.67273,2025,NA
MUD1,2020,0,Central Puget Sound,Dyes Inlet,Mud Bay1,-1.5,47.5929,-122.67273,2025,NA
MUD1,2021,0.17,Central Puget Sound,Dyes Inlet,Mud Bay1,-1.5,47.5929,-122.67273,2025,NA
MUD1,2022,0.14,Central Puget Sound,Dyes Inlet,Mud Bay1,-1.5,47.5929,-122.67273,2025,NA
MUD1,2023,0.13,Central Puget Sound,Dyes Inlet,Mud Bay1,-1.5,47.5929,-122.67273,2025,NA
MUD1,2024,0,Central Puget Sound,Dyes Inlet,Mud Bay1,-1.5,47.5929,-122.67273,2025,NA
MYS,2014,NA,Admiralty Inlet,Kilisut Harbor,Mystery Bay,NA,48.05898,-122.69688,2023,NA
MYS,2015,NA,Admiralty Inlet,Kilisut Harbor,Mystery Bay,NA,48.05898,-122.69688,2023,NA
MYS,2016,NA,Admiralty Inlet,Kilisut Harbor,Mystery Bay,NA,48.05898,-122.69688,2023,NA
MYS,2017,NA,Admiralty Inlet,Kilisut Harbor,Mystery Bay,NA,48.05898,-122.69688,2023,NA
MYS,2018,NA,Admiralty Inlet,Kilisut Harbor,Mystery Bay,NA,48.05898,-122.69688,2023,NA
MYS,2019,NA,Admiralty Inlet,Kilisut Harbor,Mystery Bay,NA,48.05898,-122.69688,2023,NA
MYS,2020,0,Admiralty Inlet,Kilisut Harbor,Mystery Bay,NA,48.05898,-122.69688,2023,NA
MYS,2021,NA,Admiralty Inlet,Kilisut Harbor,Mystery Bay,NA,48.05898,-122.69688,2023,NA
MYS,2022,0.04,Admiralty Inlet,Kilisut Harbor,Mystery Bay,NA,48.05898,-122.69688,2023,NA
MYS,2023,0,Admiralty Inlet,Kilisut Harbor,Mystery Bay,NA,48.05898,-122.69688,2023,NA
MYS,2024,NA,Admiralty Inlet,Kilisut Harbor,Mystery Bay,NA,48.05898,-122.69688,2023,NA
NB1,2014,NA,South Puget Sound,Case Inlet,Sargeants Dike North Bay,-1,47.39262,-122.82135,2016,NA
NB1,2015,13.07,South Puget Sound,Case Inlet,Sargeants Dike North Bay,-1,47.39262,-122.82135,2016,NA
NB1,2016,0.1,South Puget Sound,Case Inlet,Sargeants Dike North Bay,-1,47.39262,-122.82135,2016,NA
NB1,2017,NA,South Puget Sound,Case Inlet,Sargeants Dike North Bay,-1,47.39262,-122.82135,2016,NA
NB1,2018,NA,South Puget Sound,Case Inlet,Sargeants Dike North Bay,-1,47.39262,-122.82135,2016,NA
NB1,2019,NA,South Puget Sound,Case Inlet,Sargeants Dike North Bay,-1,47.39262,-122.82135,2016,NA
NB1,2020,NA,South Puget Sound,Case Inlet,Sargeants Dike North Bay,-1,47.39262,-122.82135,2016,NA
NB1,2021,NA,South Puget Sound,Case Inlet,Sargeants Dike North Bay,-1,47.39262,-122.82135,2016,NA
NB1,2022,NA,South Puget Sound,Case Inlet,Sargeants Dike North Bay,-1,47.39262,-122.82135,2016,NA
NB1,2023,NA,South Puget Sound,Case Inlet,Sargeants Dike North Bay,-1,47.39262,-122.82135,2016,NA
NB1,2024,NA,South Puget Sound,Case Inlet,Sargeants Dike North Bay,-1,47.39262,-122.82135,2016,NA
NB2,2014,NA,South Puget Sound,Case Inlet,Victor North Bay,-0.5,47.39314,-122.81554,2020,NA
NB2,2015,NA,South Puget Sound,Case Inlet,Victor North Bay,-0.5,47.39314,-122.81554,2020,NA
NB2,2016,0,South Puget Sound,Case Inlet,Victor North Bay,-0.5,47.39314,-122.81554,2020,NA
NB2,2017,NA,South Puget Sound,Case Inlet,Victor North Bay,-0.5,47.39314,-122.81554,2020,NA
NB2,2018,NA,South Puget Sound,Case Inlet,Victor North Bay,-0.5,47.39314,-122.81554,2020,NA
NB2,2019,0,South Puget Sound,Case Inlet,Victor North Bay,-0.5,47.39314,-122.81554,2020,NA
NB2,2020,0,South Puget Sound,Case Inlet,Victor North Bay,-0.5,47.39314,-122.81554,2020,NA
NB2,2021,NA,South Puget Sound,Case Inlet,Victor North Bay,-0.5,47.39314,-122.81554,2020,NA
NB2,2022,NA,South Puget Sound,Case Inlet,Victor North Bay,-0.5,47.39314,-122.81554,2020,NA
NB2,2023,NA,South Puget Sound,Case Inlet,Victor North Bay,-0.5,47.39314,-122.81554,2020,NA
NB2,2024,NA,South Puget Sound,Case Inlet,Victor North Bay,-0.5,47.39314,-122.81554,2020,NA
NB3,2014,NA,South Puget Sound,Case Inlet,Sherwoodcreek North Bay,-0.5,47.37562,-122.82729,2025,NA
NB3,2015,NA,South Puget Sound,Case Inlet,Sherwoodcreek North Bay,-0.5,47.37562,-122.82729,2025,NA
NB3,2016,0,South Puget Sound,Case Inlet,Sherwoodcreek North Bay,-0.5,47.37562,-122.82729,2025,NA
NB3,2017,0.5,South Puget Sound,Case Inlet,Sherwoodcreek North Bay,-0.5,47.37562,-122.82729,2025,NA
NB3,2018,1.5,South Puget Sound,Case Inlet,Sherwoodcreek North Bay,-0.5,47.37562,-122.82729,2025,NA
NB3,2019,0.03,South Puget Sound,Case Inlet,Sherwoodcreek North Bay,-0.5,47.37562,-122.82729,2025,NA
NB3,2020,1.27,South Puget Sound,Case Inlet,Sherwoodcreek North Bay,-0.5,47.37562,-122.82729,2025,NA
NB3,2021,0.17,South Puget Sound,Case Inlet,Sherwoodcreek North Bay,-0.5,47.37562,-122.82729,2025,NA
NB3,2022,0,South Puget Sound,Case Inlet,Sherwoodcreek North Bay,-0.5,47.37562,-122.82729,2025,NA
NB3,2023,0.03,South Puget Sound,Case Inlet,Sherwoodcreek North Bay,-0.5,47.37562,-122.82729,2025,NA
NB3,2024,0.27,South Puget Sound,Case Inlet,Sherwoodcreek North Bay,-0.5,47.37562,-122.82729,2025,NA
NKIK,2014,NA,North Puget Sound,Similk Bay,North Of Kiket,-1,48.42204,-122.55923,2025,NA
NKIK,2015,NA,North Puget Sound,Similk Bay,North Of Kiket,-1,48.42204,-122.55923,2025,NA
NKIK,2016,NA,North Puget Sound,Similk Bay,North Of Kiket,-1,48.42204,-122.55923,2025,NA
NKIK,2017,NA,North Puget Sound,Similk Bay,North Of Kiket,-1,48.42204,-122.55923,2025,NA
NKIK,2018,NA,North Puget Sound,Similk Bay,North Of Kiket,-1,48.42204,-122.55923,2025,NA
NKIK,2019,NA,North Puget Sound,Similk Bay,North Of Kiket,-1,48.42204,-122.55923,2025,NA
NKIK,2020,NA,North Puget Sound,Similk Bay,North Of Kiket,-1,48.42204,-122.55923,2025,NA
NKIK,2021,0,North Puget Sound,Similk Bay,North Of Kiket,-1,48.42204,-122.55923,2025,NA
NKIK,2022,0,North Puget Sound,Similk Bay,North Of Kiket,-1,48.42204,-122.55923,2025,NA
NKIK,2023,0,North Puget Sound,Similk Bay,North Of Kiket,-1,48.42204,-122.55923,2025,NA
NKIK,2024,0,North Puget Sound,Similk Bay,North Of Kiket,-1,48.42204,-122.55923,2025,NA
OAK,2014,NA,South Puget Sound,Oakland Bay,Ogg Property,3,47.24564,-123.03609,2025,NA
OAK,2015,0.47,South Puget Sound,Oakland Bay,Ogg Property,3,47.24564,-123.03609,2025,NA
OAK,2016,0,South Puget Sound,Oakland Bay,Ogg Property,3,47.24564,-123.03609,2025,NA
OAK,2017,0.29,South Puget Sound,Oakland Bay,Ogg Property,3,47.24564,-123.03609,2025,NA
OAK,2018,0.05,South Puget Sound,Oakland Bay,Ogg Property,3,47.24564,-123.03609,2025,NA
OAK,2019,0.07,South Puget Sound,Oakland Bay,Ogg Property,3,47.24564,-123.03609,2025,NA
OAK,2020,0,South Puget Sound,Oakland Bay,Ogg Property,3,47.24564,-123.03609,2025,NA
OAK,2021,0.27,South Puget Sound,Oakland Bay,Ogg Property,3,47.24564,-123.03609,2025,NA
OAK,2022,0.03,South Puget Sound,Oakland Bay,Ogg Property,3,47.24564,-123.03609,2025,NA
OAK,2023,0,South Puget Sound,Oakland Bay,Ogg Property,3,47.24564,-123.03609,2025,NA
OAK,2024,0.1,South Puget Sound,Oakland Bay,Ogg Property,3,47.24564,-123.03609,2025,NA
OB,2014,NA,Central Puget Sound,Dyes Inlet,Oyster Bay,-0.5,47.57548,-122.6738,2025,NA
OB,2015,256.24,Central Puget Sound,Dyes Inlet,Oyster Bay,-0.5,47.57548,-122.6738,2025,NA
OB,2016,0.47,Central Puget Sound,Dyes Inlet,Oyster Bay,-0.5,47.57548,-122.6738,2025,NA
OB,2017,8.76,Central Puget Sound,Dyes Inlet,Oyster Bay,-0.5,47.57548,-122.6738,2025,NA
OB,2018,2,Central Puget Sound,Dyes Inlet,Oyster Bay,-0.5,47.57548,-122.6738,2025,NA
OB,2019,30,Central Puget Sound,Dyes Inlet,Oyster Bay,-0.5,47.57548,-122.6738,2025,NA
OB,2020,0.4,Central Puget Sound,Dyes Inlet,Oyster Bay,-0.5,47.57548,-122.6738,2025,NA
OB,2021,1,Central Puget Sound,Dyes Inlet,Oyster Bay,-0.5,47.57548,-122.6738,2025,NA
OB,2022,0.23,Central Puget Sound,Dyes Inlet,Oyster Bay,-0.5,47.57548,-122.6738,2025,NA
OB,2023,1.89,Central Puget Sound,Dyes Inlet,Oyster Bay,-0.5,47.57548,-122.6738,2025,NA
OB,2024,1.03,Central Puget Sound,Dyes Inlet,Oyster Bay,-0.5,47.57548,-122.6738,2025,NA
ORO,2014,NA,South Puget Sound,Nisqually Reach,Oro Bay,0,47.13527,-122.70493,2021,nisqually land trust
ORO,2015,NA,South Puget Sound,Nisqually Reach,Oro Bay,0,47.13527,-122.70493,2021,nisqually land trust
ORO,2016,NA,South Puget Sound,Nisqually Reach,Oro Bay,0,47.13527,-122.70493,2021,nisqually land trust
ORO,2017,NA,South Puget Sound,Nisqually Reach,Oro Bay,0,47.13527,-122.70493,2021,nisqually land trust
ORO,2018,NA,South Puget Sound,Nisqually Reach,Oro Bay,0,47.13527,-122.70493,2021,nisqually land trust
ORO,2019,NA,South Puget Sound,Nisqually Reach,Oro Bay,0,47.13527,-122.70493,2021,nisqually land trust
ORO,2020,0,South Puget Sound,Nisqually Reach,Oro Bay,0,47.13527,-122.70493,2021,nisqually land trust
ORO,2021,0,South Puget Sound,Nisqually Reach,Oro Bay,0,47.13527,-122.70493,2021,nisqually land trust
ORO,2022,NA,South Puget Sound,Nisqually Reach,Oro Bay,0,47.13527,-122.70493,2021,nisqually land trust
ORO,2023,NA,South Puget Sound,Nisqually Reach,Oro Bay,0,47.13527,-122.70493,2021,nisqually land trust
ORO,2024,NA,South Puget Sound,Nisqually Reach,Oro Bay,0,47.13527,-122.70493,2021,nisqually land trust
PB,2014,NA,North Puget Sound,Padilla Bay,Padilla Bay,NA,48.47525,-122.48766,2024,NA
PB,2015,NA,North Puget Sound,Padilla Bay,Padilla Bay,NA,48.47525,-122.48766,2024,NA
PB,2016,NA,North Puget Sound,Padilla Bay,Padilla Bay,NA,48.47525,-122.48766,2024,NA
PB,2017,NA,North Puget Sound,Padilla Bay,Padilla Bay,NA,48.47525,-122.48766,2024,NA
PB,2018,NA,North Puget Sound,Padilla Bay,Padilla Bay,NA,48.47525,-122.48766,2024,NA
PB,2019,0,North Puget Sound,Padilla Bay,Padilla Bay,NA,48.47525,-122.48766,2024,NA
PB,2020,0,North Puget Sound,Padilla Bay,Padilla Bay,NA,48.47525,-122.48766,2024,NA
PB,2021,NA,North Puget Sound,Padilla Bay,Padilla Bay,NA,48.47525,-122.48766,2024,NA
PB,2022,NA,North Puget Sound,Padilla Bay,Padilla Bay,NA,48.47525,-122.48766,2024,NA
PB,2023,NA,North Puget Sound,Padilla Bay,Padilla Bay,NA,48.47525,-122.48766,2024,NA
PB,2024,NA,North Puget Sound,Padilla Bay,Padilla Bay,NA,48.47525,-122.48766,2024,NA
PEN1,2014,NA,South Puget Sound,Carr Inlet,Penrose Sp1,-1,47.25993,-122.747,2025,NA
PEN1,2015,NA,South Puget Sound,Carr Inlet,Penrose Sp1,-1,47.25993,-122.747,2025,NA
PEN1,2016,NA,South Puget Sound,Carr Inlet,Penrose Sp1,-1,47.25993,-122.747,2025,NA
PEN1,2017,NA,South Puget Sound,Carr Inlet,Penrose Sp1,-1,47.25993,-122.747,2025,NA
PEN1,2018,NA,South Puget Sound,Carr Inlet,Penrose Sp1,-1,47.25993,-122.747,2025,NA
PEN1,2019,NA,South Puget Sound,Carr Inlet,Penrose Sp1,-1,47.25993,-122.747,2025,NA
PEN1,2020,0.03,South Puget Sound,Carr Inlet,Penrose Sp1,-1,47.25993,-122.747,2025,NA
PEN1,2021,NA,South Puget Sound,Carr Inlet,Penrose Sp1,-1,47.25993,-122.747,2025,NA
PEN1,2022,NA,South Puget Sound,Carr Inlet,Penrose Sp1,-1,47.25993,-122.747,2025,NA
PEN1,2023,NA,South Puget Sound,Carr Inlet,Penrose Sp1,-1,47.25993,-122.747,2025,NA
PEN1,2024,0,South Puget Sound,Carr Inlet,Penrose Sp1,-1,47.25993,-122.747,2025,NA
PGH,2014,5.55,Admiralty Inlet,Port Gamble,Port Gamble Hilton,-1,47.82016,-122.56999,2018,GPS for 2014 PGBh is different
PGH,2015,4.47,Admiralty Inlet,Port Gamble,Port Gamble Hilton,-1,47.82016,-122.56999,2018,GPS for 2014 PGBh is different
PGH,2016,NA,Admiralty Inlet,Port Gamble,Port Gamble Hilton,-1,47.82016,-122.56999,2018,GPS for 2014 PGBh is different
PGH,2017,7.81,Admiralty Inlet,Port Gamble,Port Gamble Hilton,-1,47.82016,-122.56999,2018,GPS for 2014 PGBh is different
PGH,2018,0.65,Admiralty Inlet,Port Gamble,Port Gamble Hilton,-1,47.82016,-122.56999,2018,GPS for 2014 PGBh is different
PGH,2019,NA,Admiralty Inlet,Port Gamble,Port Gamble Hilton,-1,47.82016,-122.56999,2018,GPS for 2014 PGBh is different
PGH,2020,NA,Admiralty Inlet,Port Gamble,Port Gamble Hilton,-1,47.82016,-122.56999,2018,GPS for 2014 PGBh is different
PGH,2021,NA,Admiralty Inlet,Port Gamble,Port Gamble Hilton,-1,47.82016,-122.56999,2018,GPS for 2014 PGBh is different
PGH,2022,NA,Admiralty Inlet,Port Gamble,Port Gamble Hilton,-1,47.82016,-122.56999,2018,GPS for 2014 PGBh is different
PGH,2023,NA,Admiralty Inlet,Port Gamble,Port Gamble Hilton,-1,47.82016,-122.56999,2018,GPS for 2014 PGBh is different
PGH,2024,NA,Admiralty Inlet,Port Gamble,Port Gamble Hilton,-1,47.82016,-122.56999,2018,GPS for 2014 PGBh is different
PGK,2014,NA,Admiralty Inlet,Port Gamble,Port Gamble Kitsap,-0.5,47.82672,-122.58357,2025,NA
PGK,2015,4.76,Admiralty Inlet,Port Gamble,Port Gamble Kitsap,-0.5,47.82672,-122.58357,2025,NA
PGK,2016,5.57,Admiralty Inlet,Port Gamble,Port Gamble Kitsap,-0.5,47.82672,-122.58357,2025,NA
PGK,2017,5.83,Admiralty Inlet,Port Gamble,Port Gamble Kitsap,-0.5,47.82672,-122.58357,2025,NA
PGK,2018,0.37,Admiralty Inlet,Port Gamble,Port Gamble Kitsap,-0.5,47.82672,-122.58357,2025,NA
PGK,2019,4.9,Admiralty Inlet,Port Gamble,Port Gamble Kitsap,-0.5,47.82672,-122.58357,2025,NA
PGK,2020,1.11,Admiralty Inlet,Port Gamble,Port Gamble Kitsap,-0.5,47.82672,-122.58357,2025,NA
PGK,2021,6.07,Admiralty Inlet,Port Gamble,Port Gamble Kitsap,-0.5,47.82672,-122.58357,2025,NA
PGK,2022,1.08,Admiralty Inlet,Port Gamble,Port Gamble Kitsap,-0.5,47.82672,-122.58357,2025,NA
PGK,2023,0.37,Admiralty Inlet,Port Gamble,Port Gamble Kitsap,-0.5,47.82672,-122.58357,2025,NA
PGK,2024,1.63,Admiralty Inlet,Port Gamble,Port Gamble Kitsap,-0.5,47.82672,-122.58357,2025,NA
PGT,2014,NA,Admiralty Inlet,Port Gamble,Pgsk Tribe,-0.5,47.81869,-122.57483,2020,NA
PGT,2015,NA,Admiralty Inlet,Port Gamble,Pgsk Tribe,-0.5,47.81869,-122.57483,2020,NA
PGT,2016,NA,Admiralty Inlet,Port Gamble,Pgsk Tribe,-0.5,47.81869,-122.57483,2020,NA
PGT,2017,NA,Admiralty Inlet,Port Gamble,Pgsk Tribe,-0.5,47.81869,-122.57483,2020,NA
PGT,2018,NA,Admiralty Inlet,Port Gamble,Pgsk Tribe,-0.5,47.81869,-122.57483,2020,NA
PGT,2019,1.57,Admiralty Inlet,Port Gamble,Pgsk Tribe,-0.5,47.81869,-122.57483,2020,NA
PGT,2020,0.33,Admiralty Inlet,Port Gamble,Pgsk Tribe,-0.5,47.81869,-122.57483,2020,NA
PGT,2021,NA,Admiralty Inlet,Port Gamble,Pgsk Tribe,-0.5,47.81869,-122.57483,2020,NA
PGT,2022,NA,Admiralty Inlet,Port Gamble,Pgsk Tribe,-0.5,47.81869,-122.57483,2020,NA
PGT,2023,NA,Admiralty Inlet,Port Gamble,Pgsk Tribe,-0.5,47.81869,-122.57483,2020,NA
PGT,2024,NA,Admiralty Inlet,Port Gamble,Pgsk Tribe,-0.5,47.81869,-122.57483,2020,NA
PMD,2014,NA,Central Puget Sound,Port Madison,Port Madison Don's Property,-1,47.6965,-122.54424,2025,NA
PMD,2015,NA,Central Puget Sound,Port Madison,Port Madison Don's Property,-1,47.6965,-122.54424,2025,NA
PMD,2016,NA,Central Puget Sound,Port Madison,Port Madison Don's Property,-1,47.6965,-122.54424,2025,NA
PMD,2017,NA,Central Puget Sound,Port Madison,Port Madison Don's Property,-1,47.6965,-122.54424,2025,NA
PMD,2018,NA,Central Puget Sound,Port Madison,Port Madison Don's Property,-1,47.6965,-122.54424,2025,NA
PMD,2019,NA,Central Puget Sound,Port Madison,Port Madison Don's Property,-1,47.6965,-122.54424,2025,NA
PMD,2020,NA,Central Puget Sound,Port Madison,Port Madison Don's Property,-1,47.6965,-122.54424,2025,NA
PMD,2021,1.73,Central Puget Sound,Port Madison,Port Madison Don's Property,-1,47.6965,-122.54424,2025,NA
PMD,2022,0.2,Central Puget Sound,Port Madison,Port Madison Don's Property,-1,47.6965,-122.54424,2025,NA
PMD,2023,0.5,Central Puget Sound,Port Madison,Port Madison Don's Property,-1,47.6965,-122.54424,2025,NA
PMD,2024,2.5,Central Puget Sound,Port Madison,Port Madison Don's Property,-1,47.6965,-122.54424,2025,NA
POR,2014,NA,North Puget Sound,Portage Bay,Portage Bay,0.4,48.72733,-122.63933,2025,NA
POR,2015,NA,North Puget Sound,Portage Bay,Portage Bay,0.4,48.72733,-122.63933,2025,NA
POR,2016,NA,North Puget Sound,Portage Bay,Portage Bay,0.4,48.72733,-122.63933,2025,NA
POR,2017,NA,North Puget Sound,Portage Bay,Portage Bay,0.4,48.72733,-122.63933,2025,NA
POR,2018,NA,North Puget Sound,Portage Bay,Portage Bay,0.4,48.72733,-122.63933,2025,NA
POR,2019,NA,North Puget Sound,Portage Bay,Portage Bay,0.4,48.72733,-122.63933,2025,NA
POR,2020,NA,North Puget Sound,Portage Bay,Portage Bay,0.4,48.72733,-122.63933,2025,NA
POR,2021,0,North Puget Sound,Portage Bay,Portage Bay,0.4,48.72733,-122.63933,2025,NA
POR,2022,0,North Puget Sound,Portage Bay,Portage Bay,0.4,48.72733,-122.63933,2025,NA
POR,2023,0,North Puget Sound,Portage Bay,Portage Bay,0.4,48.72733,-122.63933,2025,NA
POR,2024,0,North Puget Sound,Portage Bay,Portage Bay,0.4,48.72733,-122.63933,2025,NA
QB1,2014,NA,Hood Canal,Quilcene Bay,Dnr North,-0.5,47.79487,-122.86897,2020,NA
QB1,2015,NA,Hood Canal,Quilcene Bay,Dnr North,-0.5,47.79487,-122.86897,2020,NA
QB1,2016,NA,Hood Canal,Quilcene Bay,Dnr North,-0.5,47.79487,-122.86897,2020,NA
QB1,2017,NA,Hood Canal,Quilcene Bay,Dnr North,-0.5,47.79487,-122.86897,2020,NA
QB1,2018,0.15,Hood Canal,Quilcene Bay,Dnr North,-0.5,47.79487,-122.86897,2020,NA
QB1,2019,1,Hood Canal,Quilcene Bay,Dnr North,-0.5,47.79487,-122.86897,2020,NA
QB1,2020,1.19,Hood Canal,Quilcene Bay,Dnr North,-0.5,47.79487,-122.86897,2020,NA
QB1,2021,NA,Hood Canal,Quilcene Bay,Dnr North,-0.5,47.79487,-122.86897,2020,NA
QB1,2022,NA,Hood Canal,Quilcene Bay,Dnr North,-0.5,47.79487,-122.86897,2020,NA
QB1,2023,NA,Hood Canal,Quilcene Bay,Dnr North,-0.5,47.79487,-122.86897,2020,NA
QB1,2024,NA,Hood Canal,Quilcene Bay,Dnr North,-0.5,47.79487,-122.86897,2020,NA
QB2,2014,NA,Hood Canal,Quilcene Bay,Dnr South,-0.5,47.78238,-122.86652,2022,NA
QB2,2015,NA,Hood Canal,Quilcene Bay,Dnr South,-0.5,47.78238,-122.86652,2022,NA
QB2,2016,NA,Hood Canal,Quilcene Bay,Dnr South,-0.5,47.78238,-122.86652,2022,NA
QB2,2017,NA,Hood Canal,Quilcene Bay,Dnr South,-0.5,47.78238,-122.86652,2022,NA
QB2,2018,3.41,Hood Canal,Quilcene Bay,Dnr South,-0.5,47.78238,-122.86652,2022,NA
QB2,2019,1.55,Hood Canal,Quilcene Bay,Dnr South,-0.5,47.78238,-122.86652,2022,NA
QB2,2020,0.89,Hood Canal,Quilcene Bay,Dnr South,-0.5,47.78238,-122.86652,2022,NA
QB2,2021,2.87,Hood Canal,Quilcene Bay,Dnr South,-0.5,47.78238,-122.86652,2022,NA
QB2,2022,1.55,Hood Canal,Quilcene Bay,Dnr South,-0.5,47.78238,-122.86652,2022,NA
QB2,2023,NA,Hood Canal,Quilcene Bay,Dnr South,-0.5,47.78238,-122.86652,2022,NA
QB2,2024,NA,Hood Canal,Quilcene Bay,Dnr South,-0.5,47.78238,-122.86652,2022,NA
QB3,2014,NA,Hood Canal,Quilcene Bay,Fishermans Pt,-0.5,47.7842,-122.85274,2025,NA
QB3,2015,NA,Hood Canal,Quilcene Bay,Fishermans Pt,-0.5,47.7842,-122.85274,2025,NA
QB3,2016,NA,Hood Canal,Quilcene Bay,Fishermans Pt,-0.5,47.7842,-122.85274,2025,NA
QB3,2017,NA,Hood Canal,Quilcene Bay,Fishermans Pt,-0.5,47.7842,-122.85274,2025,NA
QB3,2018,1.1,Hood Canal,Quilcene Bay,Fishermans Pt,-0.5,47.7842,-122.85274,2025,NA
QB3,2019,3.47,Hood Canal,Quilcene Bay,Fishermans Pt,-0.5,47.7842,-122.85274,2025,NA
QB3,2020,0.5,Hood Canal,Quilcene Bay,Fishermans Pt,-0.5,47.7842,-122.85274,2025,NA
QB3,2021,25.31,Hood Canal,Quilcene Bay,Fishermans Pt,-0.5,47.7842,-122.85274,2025,NA
QB3,2022,1.6,Hood Canal,Quilcene Bay,Fishermans Pt,-0.5,47.7842,-122.85274,2025,NA
QB3,2023,4.17,Hood Canal,Quilcene Bay,Fishermans Pt,-0.5,47.7842,-122.85274,2025,NA
QB3,2024,7.8,Hood Canal,Quilcene Bay,Fishermans Pt,-0.5,47.7842,-122.85274,2025,NA
QB4,2014,NA,Hood Canal,Quilcene Bay,Wdfw Ne,-0.5,47.80176,-122.84711,2021,NA
QB4,2015,NA,Hood Canal,Quilcene Bay,Wdfw Ne,-0.5,47.80176,-122.84711,2021,NA
QB4,2016,NA,Hood Canal,Quilcene Bay,Wdfw Ne,-0.5,47.80176,-122.84711,2021,NA
QB4,2017,NA,Hood Canal,Quilcene Bay,Wdfw Ne,-0.5,47.80176,-122.84711,2021,NA
QB4,2018,2.6,Hood Canal,Quilcene Bay,Wdfw Ne,-0.5,47.80176,-122.84711,2021,NA
QB4,2019,6.03,Hood Canal,Quilcene Bay,Wdfw Ne,-0.5,47.80176,-122.84711,2021,NA
QB4,2020,0.55,Hood Canal,Quilcene Bay,Wdfw Ne,-0.5,47.80176,-122.84711,2021,NA
QB4,2021,0.13,Hood Canal,Quilcene Bay,Wdfw Ne,-0.5,47.80176,-122.84711,2021,NA
QB4,2022,NA,Hood Canal,Quilcene Bay,Wdfw Ne,-0.5,47.80176,-122.84711,2021,NA
QB4,2023,NA,Hood Canal,Quilcene Bay,Wdfw Ne,-0.5,47.80176,-122.84711,2021,NA
QB4,2024,NA,Hood Canal,Quilcene Bay,Wdfw Ne,-0.5,47.80176,-122.84711,2021,NA
QB5,2014,NA,Hood Canal,Quilcene Bay,Wdfw Rec,-1,47.80764,-122.8632,2020,from Cherlys email
QB5,2015,NA,Hood Canal,Quilcene Bay,Wdfw Rec,-1,47.80764,-122.8632,2020,from Cherlys email
QB5,2016,2.37,Hood Canal,Quilcene Bay,Wdfw Rec,-1,47.80764,-122.8632,2020,from Cherlys email
QB5,2017,0.74,Hood Canal,Quilcene Bay,Wdfw Rec,-1,47.80764,-122.8632,2020,from Cherlys email
QB5,2018,0.17,Hood Canal,Quilcene Bay,Wdfw Rec,-1,47.80764,-122.8632,2020,from Cherlys email
QB5,2019,0.03,Hood Canal,Quilcene Bay,Wdfw Rec,-1,47.80764,-122.8632,2020,from Cherlys email
QB5,2020,0,Hood Canal,Quilcene Bay,Wdfw Rec,-1,47.80764,-122.8632,2020,from Cherlys email
QB5,2021,NA,Hood Canal,Quilcene Bay,Wdfw Rec,-1,47.80764,-122.8632,2020,from Cherlys email
QB5,2022,NA,Hood Canal,Quilcene Bay,Wdfw Rec,-1,47.80764,-122.8632,2020,from Cherlys email
QB5,2023,NA,Hood Canal,Quilcene Bay,Wdfw Rec,-1,47.80764,-122.8632,2020,from Cherlys email
QB5,2024,NA,Hood Canal,Quilcene Bay,Wdfw Rec,-1,47.80764,-122.8632,2020,from Cherlys email
QBH,2014,NA,Hood Canal,Quilcene Bay,Quilcene Bay Head,NA,47.8074,-122.86215,2025,NA
QBH,2015,NA,Hood Canal,Quilcene Bay,Quilcene Bay Head,NA,47.8074,-122.86215,2025,NA
QBH,2016,NA,Hood Canal,Quilcene Bay,Quilcene Bay Head,NA,47.8074,-122.86215,2025,NA
QBH,2017,NA,Hood Canal,Quilcene Bay,Quilcene Bay Head,NA,47.8074,-122.86215,2025,NA
QBH,2018,NA,Hood Canal,Quilcene Bay,Quilcene Bay Head,NA,47.8074,-122.86215,2025,NA
QBH,2019,NA,Hood Canal,Quilcene Bay,Quilcene Bay Head,NA,47.8074,-122.86215,2025,NA
QBH,2020,NA,Hood Canal,Quilcene Bay,Quilcene Bay Head,NA,47.8074,-122.86215,2025,NA
QBH,2021,NA,Hood Canal,Quilcene Bay,Quilcene Bay Head,NA,47.8074,-122.86215,2025,NA
QBH,2022,4.1,Hood Canal,Quilcene Bay,Quilcene Bay Head,NA,47.8074,-122.86215,2025,NA
QBH,2023,0.76,Hood Canal,Quilcene Bay,Quilcene Bay Head,NA,47.8074,-122.86215,2025,NA
QBH,2024,0.5,Hood Canal,Quilcene Bay,Quilcene Bay Head,NA,47.8074,-122.86215,2025,NA
SAM,2014,NA,North Puget Sound,Padilla Bay,Samish Island,NA,48.50423,-122.49031,2024,NA
SAM,2015,NA,North Puget Sound,Padilla Bay,Samish Island,NA,48.50423,-122.49031,2024,NA
SAM,2016,NA,North Puget Sound,Padilla Bay,Samish Island,NA,48.50423,-122.49031,2024,NA
SAM,2017,NA,North Puget Sound,Padilla Bay,Samish Island,NA,48.50423,-122.49031,2024,NA
SAM,2018,NA,North Puget Sound,Padilla Bay,Samish Island,NA,48.50423,-122.49031,2024,NA
SAM,2019,0,North Puget Sound,Padilla Bay,Samish Island,NA,48.50423,-122.49031,2024,NA
SAM,2020,0,North Puget Sound,Padilla Bay,Samish Island,NA,48.50423,-122.49031,2024,NA
SAM,2021,NA,North Puget Sound,Padilla Bay,Samish Island,NA,48.50423,-122.49031,2024,NA
SAM,2022,NA,North Puget Sound,Padilla Bay,Samish Island,NA,48.50423,-122.49031,2024,NA
SAM,2023,NA,North Puget Sound,Padilla Bay,Samish Island,NA,48.50423,-122.49031,2024,NA
SAM,2024,NA,North Puget Sound,Padilla Bay,Samish Island,NA,48.50423,-122.49031,2024,NA
SB,2014,NA,North Puget Sound,Samish Bay,Samish Bay,NA,48.57386,-122.47256,2025,NA
SB,2015,NA,North Puget Sound,Samish Bay,Samish Bay,NA,48.57386,-122.47256,2025,NA
SB,2016,NA,North Puget Sound,Samish Bay,Samish Bay,NA,48.57386,-122.47256,2025,NA
SB,2017,NA,North Puget Sound,Samish Bay,Samish Bay,NA,48.57386,-122.47256,2025,NA
SB,2018,NA,North Puget Sound,Samish Bay,Samish Bay,NA,48.57386,-122.47256,2025,NA
SB,2019,NA,North Puget Sound,Samish Bay,Samish Bay,NA,48.57386,-122.47256,2025,NA
SB,2020,NA,North Puget Sound,Samish Bay,Samish Bay,NA,48.57386,-122.47256,2025,NA
SB,2021,0,North Puget Sound,Samish Bay,Samish Bay,NA,48.57386,-122.47256,2025,NA
SB,2022,NA,North Puget Sound,Samish Bay,Samish Bay,NA,48.57386,-122.47256,2025,NA
SB,2023,0,North Puget Sound,Samish Bay,Samish Bay,NA,48.57386,-122.47256,2025,NA
SB,2024,0,North Puget Sound,Samish Bay,Samish Bay,NA,48.57386,-122.47256,2025,NA
SB2,2014,NA,North Puget Sound,Samish Bay,Samish Bay Middle,-0.5,48.60452,-122.44212,2025,NA
SB2,2015,NA,North Puget Sound,Samish Bay,Samish Bay Middle,-0.5,48.60452,-122.44212,2025,NA
SB2,2016,NA,North Puget Sound,Samish Bay,Samish Bay Middle,-0.5,48.60452,-122.44212,2025,NA
SB2,2017,NA,North Puget Sound,Samish Bay,Samish Bay Middle,-0.5,48.60452,-122.44212,2025,NA
SB2,2018,NA,North Puget Sound,Samish Bay,Samish Bay Middle,-0.5,48.60452,-122.44212,2025,NA
SB2,2019,NA,North Puget Sound,Samish Bay,Samish Bay Middle,-0.5,48.60452,-122.44212,2025,NA
SB2,2020,NA,North Puget Sound,Samish Bay,Samish Bay Middle,-0.5,48.60452,-122.44212,2025,NA
SB2,2021,NA,North Puget Sound,Samish Bay,Samish Bay Middle,-0.5,48.60452,-122.44212,2025,NA
SB2,2022,0,North Puget Sound,Samish Bay,Samish Bay Middle,-0.5,48.60452,-122.44212,2025,NA
SB2,2023,0,North Puget Sound,Samish Bay,Samish Bay Middle,-0.5,48.60452,-122.44212,2025,NA
SB2,2024,0,North Puget Sound,Samish Bay,Samish Bay Middle,-0.5,48.60452,-122.44212,2025,NA
SB3,2014,NA,North Puget Sound,Samish Bay,Jerrys Bar,-1,48.62246,-122.4576,2025,NA
SB3,2015,NA,North Puget Sound,Samish Bay,Jerrys Bar,-1,48.62246,-122.4576,2025,NA
SB3,2016,NA,North Puget Sound,Samish Bay,Jerrys Bar,-1,48.62246,-122.4576,2025,NA
SB3,2017,NA,North Puget Sound,Samish Bay,Jerrys Bar,-1,48.62246,-122.4576,2025,NA
SB3,2018,NA,North Puget Sound,Samish Bay,Jerrys Bar,-1,48.62246,-122.4576,2025,NA
SB3,2019,NA,North Puget Sound,Samish Bay,Jerrys Bar,-1,48.62246,-122.4576,2025,NA
SB3,2020,NA,North Puget Sound,Samish Bay,Jerrys Bar,-1,48.62246,-122.4576,2025,NA
SB3,2021,NA,North Puget Sound,Samish Bay,Jerrys Bar,-1,48.62246,-122.4576,2025,NA
SB3,2022,0,North Puget Sound,Samish Bay,Jerrys Bar,-1,48.62246,-122.4576,2025,NA
SB3,2023,0.03,North Puget Sound,Samish Bay,Jerrys Bar,-1,48.62246,-122.4576,2025,NA
SB3,2024,0,North Puget Sound,Samish Bay,Jerrys Bar,-1,48.62246,-122.4576,2025,NA
SD,2014,NA,Central Puget Sound,Dyes Inlet,Silverdale,-1,47.64612,-122.6873,2025,NA
SD,2015,NA,Central Puget Sound,Dyes Inlet,Silverdale,-1,47.64612,-122.6873,2025,NA
SD,2016,NA,Central Puget Sound,Dyes Inlet,Silverdale,-1,47.64612,-122.6873,2025,NA
SD,2017,NA,Central Puget Sound,Dyes Inlet,Silverdale,-1,47.64612,-122.6873,2025,NA
SD,2018,NA,Central Puget Sound,Dyes Inlet,Silverdale,-1,47.64612,-122.6873,2025,NA
SD,2019,0.13,Central Puget Sound,Dyes Inlet,Silverdale,-1,47.64612,-122.6873,2025,NA
SD,2020,0.03,Central Puget Sound,Dyes Inlet,Silverdale,-1,47.64612,-122.6873,2025,NA
SD,2021,1.2,Central Puget Sound,Dyes Inlet,Silverdale,-1,47.64612,-122.6873,2025,NA
SD,2022,0.1,Central Puget Sound,Dyes Inlet,Silverdale,-1,47.64612,-122.6873,2025,NA
SD,2023,0.97,Central Puget Sound,Dyes Inlet,Silverdale,-1,47.64612,-122.6873,2025,NA
SD,2024,0.05,Central Puget Sound,Dyes Inlet,Silverdale,-1,47.64612,-122.6873,2025,NA
SI,2014,NA,Central Puget Sound,Sinclair Inlet,Sinclair Inlet,-1,47.53085,-122.68514,2025,NA
SI,2015,10.2,Central Puget Sound,Sinclair Inlet,Sinclair Inlet,-1,47.53085,-122.68514,2025,NA
SI,2016,NA,Central Puget Sound,Sinclair Inlet,Sinclair Inlet,-1,47.53085,-122.68514,2025,NA
SI,2017,2.1,Central Puget Sound,Sinclair Inlet,Sinclair Inlet,-1,47.53085,-122.68514,2025,NA
SI,2018,0.73,Central Puget Sound,Sinclair Inlet,Sinclair Inlet,-1,47.53085,-122.68514,2025,NA
SI,2019,NA,Central Puget Sound,Sinclair Inlet,Sinclair Inlet,-1,47.53085,-122.68514,2025,NA
SI,2020,0.1,Central Puget Sound,Sinclair Inlet,Sinclair Inlet,-1,47.53085,-122.68514,2025,NA
SI,2021,2.6,Central Puget Sound,Sinclair Inlet,Sinclair Inlet,-1,47.53085,-122.68514,2025,NA
SI,2022,0.09,Central Puget Sound,Sinclair Inlet,Sinclair Inlet,-1,47.53085,-122.68514,2025,NA
SI,2023,2.41,Central Puget Sound,Sinclair Inlet,Sinclair Inlet,-1,47.53085,-122.68514,2025,NA
SI,2024,0.38,Central Puget Sound,Sinclair Inlet,Sinclair Inlet,-1,47.53085,-122.68514,2025,NA
SIMF,2014,NA,North Puget Sound,Similk Bay,Similk Farm,-1,48.44337,-122.57741,2025,NA
SIMF,2015,NA,North Puget Sound,Similk Bay,Similk Farm,-1,48.44337,-122.57741,2025,NA
SIMF,2016,NA,North Puget Sound,Similk Bay,Similk Farm,-1,48.44337,-122.57741,2025,NA
SIMF,2017,NA,North Puget Sound,Similk Bay,Similk Farm,-1,48.44337,-122.57741,2025,NA
SIMF,2018,NA,North Puget Sound,Similk Bay,Similk Farm,-1,48.44337,-122.57741,2025,NA
SIMF,2019,NA,North Puget Sound,Similk Bay,Similk Farm,-1,48.44337,-122.57741,2025,NA
SIMF,2020,NA,North Puget Sound,Similk Bay,Similk Farm,-1,48.44337,-122.57741,2025,NA
SIMF,2021,NA,North Puget Sound,Similk Bay,Similk Farm,-1,48.44337,-122.57741,2025,NA
SIMF,2022,0,North Puget Sound,Similk Bay,Similk Farm,-1,48.44337,-122.57741,2025,NA
SIMF,2023,0,North Puget Sound,Similk Bay,Similk Farm,-1,48.44337,-122.57741,2025,NA
SIMF,2024,0,North Puget Sound,Similk Bay,Similk Farm,-1,48.44337,-122.57741,2025,NA
SKA,2014,NA,North Puget Sound,Kiket Bay,Skagit Island,NA,48.4148,-122.57637,2020,NA
SKA,2015,NA,North Puget Sound,Kiket Bay,Skagit Island,NA,48.4148,-122.57637,2020,NA
SKA,2016,NA,North Puget Sound,Kiket Bay,Skagit Island,NA,48.4148,-122.57637,2020,NA
SKA,2017,NA,North Puget Sound,Kiket Bay,Skagit Island,NA,48.4148,-122.57637,2020,NA
SKA,2018,NA,North Puget Sound,Kiket Bay,Skagit Island,NA,48.4148,-122.57637,2020,NA
SKA,2019,0,North Puget Sound,Kiket Bay,Skagit Island,NA,48.4148,-122.57637,2020,NA
SKA,2020,0,North Puget Sound,Kiket Bay,Skagit Island,NA,48.4148,-122.57637,2020,NA
SKA,2021,NA,North Puget Sound,Kiket Bay,Skagit Island,NA,48.4148,-122.57637,2020,NA
SKA,2022,NA,North Puget Sound,Kiket Bay,Skagit Island,NA,48.4148,-122.57637,2020,NA
SKA,2023,NA,North Puget Sound,Kiket Bay,Skagit Island,NA,48.4148,-122.57637,2020,NA
SKA,2024,NA,North Puget Sound,Kiket Bay,Skagit Island,NA,48.4148,-122.57637,2020,NA
SKO1,2014,NA,Hood Canal,Annas Bay,Skokomish Tideflats,NA,47.3462,-123.14012,2025,Blair Paul
SKO1,2015,NA,Hood Canal,Annas Bay,Skokomish Tideflats,NA,47.3462,-123.14012,2025,Blair Paul
SKO1,2016,NA,Hood Canal,Annas Bay,Skokomish Tideflats,NA,47.3462,-123.14012,2025,Blair Paul
SKO1,2017,NA,Hood Canal,Annas Bay,Skokomish Tideflats,NA,47.3462,-123.14012,2025,Blair Paul
SKO1,2018,NA,Hood Canal,Annas Bay,Skokomish Tideflats,NA,47.3462,-123.14012,2025,Blair Paul
SKO1,2019,NA,Hood Canal,Annas Bay,Skokomish Tideflats,NA,47.3462,-123.14012,2025,Blair Paul
SKO1,2020,NA,Hood Canal,Annas Bay,Skokomish Tideflats,NA,47.3462,-123.14012,2025,Blair Paul
SKO1,2021,0.11,Hood Canal,Annas Bay,Skokomish Tideflats,NA,47.3462,-123.14012,2025,Blair Paul
SKO1,2022,0.63,Hood Canal,Annas Bay,Skokomish Tideflats,NA,47.3462,-123.14012,2025,Blair Paul
SKO1,2023,0.5,Hood Canal,Annas Bay,Skokomish Tideflats,NA,47.3462,-123.14012,2025,Blair Paul
SKO1,2024,0.15,Hood Canal,Annas Bay,Skokomish Tideflats,NA,47.3462,-123.14012,2025,Blair Paul
SKO2,2014,NA,Hood Canal,East Arm,Across From Twanoh,NA,47.39655,-122.97574,2025,NA
SKO2,2015,NA,Hood Canal,East Arm,Across From Twanoh,NA,47.39655,-122.97574,2025,NA
SKO2,2016,NA,Hood Canal,East Arm,Across From Twanoh,NA,47.39655,-122.97574,2025,NA
SKO2,2017,NA,Hood Canal,East Arm,Across From Twanoh,NA,47.39655,-122.97574,2025,NA
SKO2,2018,NA,Hood Canal,East Arm,Across From Twanoh,NA,47.39655,-122.97574,2025,NA
SKO2,2019,NA,Hood Canal,East Arm,Across From Twanoh,NA,47.39655,-122.97574,2025,NA
SKO2,2020,NA,Hood Canal,East Arm,Across From Twanoh,NA,47.39655,-122.97574,2025,NA
SKO2,2021,NA,Hood Canal,East Arm,Across From Twanoh,NA,47.39655,-122.97574,2025,NA
SKO2,2022,0,Hood Canal,East Arm,Across From Twanoh,NA,47.39655,-122.97574,2025,NA
SKO2,2023,0.43,Hood Canal,East Arm,Across From Twanoh,NA,47.39655,-122.97574,2025,NA
SKO2,2024,0.7,Hood Canal,East Arm,Across From Twanoh,NA,47.39655,-122.97574,2025,NA
SMO,2014,NA,North Puget Sound,Drayton Harbor,Semiahmoo,NA,48.98607,-122.77435,2020,NA
SMO,2015,NA,North Puget Sound,Drayton Harbor,Semiahmoo,NA,48.98607,-122.77435,2020,NA
SMO,2016,NA,North Puget Sound,Drayton Harbor,Semiahmoo,NA,48.98607,-122.77435,2020,NA
SMO,2017,NA,North Puget Sound,Drayton Harbor,Semiahmoo,NA,48.98607,-122.77435,2020,NA
SMO,2018,NA,North Puget Sound,Drayton Harbor,Semiahmoo,NA,48.98607,-122.77435,2020,NA
SMO,2019,0,North Puget Sound,Drayton Harbor,Semiahmoo,NA,48.98607,-122.77435,2020,NA
SMO,2020,0,North Puget Sound,Drayton Harbor,Semiahmoo,NA,48.98607,-122.77435,2020,NA
SMO,2021,NA,North Puget Sound,Drayton Harbor,Semiahmoo,NA,48.98607,-122.77435,2020,NA
SMO,2022,NA,North Puget Sound,Drayton Harbor,Semiahmoo,NA,48.98607,-122.77435,2020,NA
SMO,2023,NA,North Puget Sound,Drayton Harbor,Semiahmoo,NA,48.98607,-122.77435,2020,NA
SMO,2024,NA,North Puget Sound,Drayton Harbor,Semiahmoo,NA,48.98607,-122.77435,2020,NA
SQM1,2014,NA,Strait of Juan de Fuca,Sequim Bay,Sequimhead Jsk,-0.5,48.02663,-123.0032,2025,NA
SQM1,2015,NA,Strait of Juan de Fuca,Sequim Bay,Sequimhead Jsk,-0.5,48.02663,-123.0032,2025,NA
SQM1,2016,NA,Strait of Juan de Fuca,Sequim Bay,Sequimhead Jsk,-0.5,48.02663,-123.0032,2025,NA
SQM1,2017,NA,Strait of Juan de Fuca,Sequim Bay,Sequimhead Jsk,-0.5,48.02663,-123.0032,2025,NA
SQM1,2018,NA,Strait of Juan de Fuca,Sequim Bay,Sequimhead Jsk,-0.5,48.02663,-123.0032,2025,NA
SQM1,2019,1.52,Strait of Juan de Fuca,Sequim Bay,Sequimhead Jsk,-0.5,48.02663,-123.0032,2025,NA
SQM1,2020,0.62,Strait of Juan de Fuca,Sequim Bay,Sequimhead Jsk,-0.5,48.02663,-123.0032,2025,NA
SQM1,2021,0.22,Strait of Juan de Fuca,Sequim Bay,Sequimhead Jsk,-0.5,48.02663,-123.0032,2025,NA
SQM1,2022,0.03,Strait of Juan de Fuca,Sequim Bay,Sequimhead Jsk,-0.5,48.02663,-123.0032,2025,NA
SQM1,2023,2.93,Strait of Juan de Fuca,Sequim Bay,Sequimhead Jsk,-0.5,48.02663,-123.0032,2025,NA
SQM1,2024,0.23,Strait of Juan de Fuca,Sequim Bay,Sequimhead Jsk,-0.5,48.02663,-123.0032,2025,NA
SQM2,2014,NA,Strait of Juan de Fuca,Sequim Bay,Sequimbay2,NA,48.02771,-122.9993,2020,NA
SQM2,2015,NA,Strait of Juan de Fuca,Sequim Bay,Sequimbay2,NA,48.02771,-122.9993,2020,NA
SQM2,2016,NA,Strait of Juan de Fuca,Sequim Bay,Sequimbay2,NA,48.02771,-122.9993,2020,NA
SQM2,2017,NA,Strait of Juan de Fuca,Sequim Bay,Sequimbay2,NA,48.02771,-122.9993,2020,NA
SQM2,2018,NA,Strait of Juan de Fuca,Sequim Bay,Sequimbay2,NA,48.02771,-122.9993,2020,NA
SQM2,2019,1,Strait of Juan de Fuca,Sequim Bay,Sequimbay2,NA,48.02771,-122.9993,2020,NA
SQM2,2020,2.37,Strait of Juan de Fuca,Sequim Bay,Sequimbay2,NA,48.02771,-122.9993,2020,NA
SQM2,2021,NA,Strait of Juan de Fuca,Sequim Bay,Sequimbay2,NA,48.02771,-122.9993,2020,NA
SQM2,2022,NA,Strait of Juan de Fuca,Sequim Bay,Sequimbay2,NA,48.02771,-122.9993,2020,NA
SQM2,2023,NA,Strait of Juan de Fuca,Sequim Bay,Sequimbay2,NA,48.02771,-122.9993,2020,NA
SQM2,2024,NA,Strait of Juan de Fuca,Sequim Bay,Sequimbay2,NA,48.02771,-122.9993,2020,NA
SQX1,2014,NA,South Puget Sound,Squaxin Island,Palela Bay,-1.5,47.21307,-122.91338,2025,previous shell enhancement
SQX1,2015,NA,South Puget Sound,Squaxin Island,Palela Bay,-1.5,47.21307,-122.91338,2025,previous shell enhancement
SQX1,2016,NA,South Puget Sound,Squaxin Island,Palela Bay,-1.5,47.21307,-122.91338,2025,previous shell enhancement
SQX1,2017,NA,South Puget Sound,Squaxin Island,Palela Bay,-1.5,47.21307,-122.91338,2025,previous shell enhancement
SQX1,2018,NA,South Puget Sound,Squaxin Island,Palela Bay,-1.5,47.21307,-122.91338,2025,previous shell enhancement
SQX1,2019,0,South Puget Sound,Squaxin Island,Palela Bay,-1.5,47.21307,-122.91338,2025,previous shell enhancement
SQX1,2020,0.03,South Puget Sound,Squaxin Island,Palela Bay,-1.5,47.21307,-122.91338,2025,previous shell enhancement
SQX1,2021,NA,South Puget Sound,Squaxin Island,Palela Bay,-1.5,47.21307,-122.91338,2025,previous shell enhancement
SQX1,2022,NA,South Puget Sound,Squaxin Island,Palela Bay,-1.5,47.21307,-122.91338,2025,previous shell enhancement
SQX1,2023,0.08,South Puget Sound,Squaxin Island,Palela Bay,-1.5,47.21307,-122.91338,2025,previous shell enhancement
SQX1,2024,0.08,South Puget Sound,Squaxin Island,Palela Bay,-1.5,47.21307,-122.91338,2025,previous shell enhancement
SQX2,2014,NA,South Puget Sound,Squaxin Island,Bc1,-1.5,47.1952,-122.9181,2025,previous shell enhancement
SQX2,2015,NA,South Puget Sound,Squaxin Island,Bc1,-1.5,47.1952,-122.9181,2025,previous shell enhancement
SQX2,2016,NA,South Puget Sound,Squaxin Island,Bc1,-1.5,47.1952,-122.9181,2025,previous shell enhancement
SQX2,2017,NA,South Puget Sound,Squaxin Island,Bc1,-1.5,47.1952,-122.9181,2025,previous shell enhancement
SQX2,2018,NA,South Puget Sound,Squaxin Island,Bc1,-1.5,47.1952,-122.9181,2025,previous shell enhancement
SQX2,2019,0,South Puget Sound,Squaxin Island,Bc1,-1.5,47.1952,-122.9181,2025,previous shell enhancement
SQX2,2020,0,South Puget Sound,Squaxin Island,Bc1,-1.5,47.1952,-122.9181,2025,previous shell enhancement
SQX2,2021,0.11,South Puget Sound,Squaxin Island,Bc1,-1.5,47.1952,-122.9181,2025,previous shell enhancement
SQX2,2022,NA,South Puget Sound,Squaxin Island,Bc1,-1.5,47.1952,-122.9181,2025,previous shell enhancement
SQX2,2023,0,South Puget Sound,Squaxin Island,Bc1,-1.5,47.1952,-122.9181,2025,previous shell enhancement
SQX2,2024,0,South Puget Sound,Squaxin Island,Bc1,-1.5,47.1952,-122.9181,2025,previous shell enhancement
TUR,2014,NA,North Puget Sound,Similk Bay,Turners Bay,-1,48.44533,-122.5507,2025,NA
TUR,2015,NA,North Puget Sound,Similk Bay,Turners Bay,-1,48.44533,-122.5507,2025,NA
TUR,2016,NA,North Puget Sound,Similk Bay,Turners Bay,-1,48.44533,-122.5507,2025,NA
TUR,2017,NA,North Puget Sound,Similk Bay,Turners Bay,-1,48.44533,-122.5507,2025,NA
TUR,2018,NA,North Puget Sound,Similk Bay,Turners Bay,-1,48.44533,-122.5507,2025,NA
TUR,2019,NA,North Puget Sound,Similk Bay,Turners Bay,-1,48.44533,-122.5507,2025,NA
TUR,2020,NA,North Puget Sound,Similk Bay,Turners Bay,-1,48.44533,-122.5507,2025,NA
TUR,2021,NA,North Puget Sound,Similk Bay,Turners Bay,-1,48.44533,-122.5507,2025,NA
TUR,2022,0,North Puget Sound,Similk Bay,Turners Bay,-1,48.44533,-122.5507,2025,NA
TUR,2023,0,North Puget Sound,Similk Bay,Turners Bay,-1,48.44533,-122.5507,2025,NA
TUR,2024,0,North Puget Sound,Similk Bay,Turners Bay,-1,48.44533,-122.5507,2025,NA
