standard_station_id,year,index
BL,2014,NA
BL,2015,NA
BL,2016,NA
BL,2017,NA
BL,2018,NA
BL,2019,NA
BL,2020,1.93
BL,2021,6.2
BL,2022,0.27
BL,2023,17.97
BL,2024,0.2
BLF,2014,NA
BLF,2015,8
BLF,2016,NA
BLF,2017,NA
BLF,2018,NA
BLF,2019,0
BLF,2020,0.2
BLF,2021,0.33
BLF,2022,0.14
BLF,2023,0
BLF,2024,0.23
BP,2014,NA
BP,2015,1
BP,2016,NA
BP,2017,NA
BP,2018,NA
BP,2019,NA
BP,2020,NA
BP,2021,NA
BP,2022,NA
BP,2023,NA
BP,2024,NA
BUD1,2014,NA
BUD1,2015,NA
BUD1,2016,1
BUD1,2017,4.37
BUD1,2018,2.67
BUD1,2019,NA
BUD1,2020,0.07
BUD1,2021,0.07
BUD1,2022,0
BUD1,2023,0.03
BUD1,2024,0.37
BUD2,2014,NA
BUD2,2015,NA
BUD2,2016,0.2
BUD2,2017,0.23
BUD2,2018,NA
BUD2,2019,NA
BUD2,2020,NA
BUD2,2021,NA
BUD2,2022,NA
BUD2,2023,NA
BUD2,2024,NA
BUD3,2014,NA
BUD3,2015,NA
BUD3,2016,0.46
BUD3,2017,1.97
BUD3,2018,NA
BUD3,2019,NA
BUD3,2020,NA
BUD3,2021,NA
BUD3,2022,NA
BUD3,2023,NA
BUD3,2024,NA
BUD4,2014,NA
BUD4,2015,NA
BUD4,2016,0.2
BUD4,2017,0.5
BUD4,2018,NA
BUD4,2019,NA
BUD4,2020,NA
BUD4,2021,NA
BUD4,2022,NA
BUD4,2023,NA
BUD4,2024,NA
BUD5,2014,NA
BUD5,2015,NA
BUD5,2016,0.47
BUD5,2017,0
BUD5,2018,NA
BUD5,2019,NA
BUD5,2020,NA
BUD5,2021,NA
BUD5,2022,NA
BUD5,2023,NA
BUD5,2024,NA
CB1,2014,NA
CB1,2015,NA
CB1,2016,NA
CB1,2017,0.3
CB1,2018,NA
CB1,2019,NA
CB1,2020,NA
CB1,2021,NA
CB1,2022,NA
CB1,2023,NA
CB1,2024,NA
CB2,2014,NA
CB2,2015,NA
CB2,2016,NA
CB2,2017,2.07
CB2,2018,1.07
CB2,2019,0.57
CB2,2020,0.1
CB2,2021,0.13
CB2,2022,0.17
CB2,2023,0.7
CB2,2024,0.07
DB,2014,NA
DB,2015,NA
DB,2016,NA
DB,2017,NA
DB,2018,NA
DB,2019,0.1
DB,2020,0
DB,2021,13.8
DB,2022,NA
DB,2023,2.1
DB,2024,0.13
DFB,2014,NA
DFB,2015,5.38
DFB,2016,0.21
DFB,2017,0.43
DFB,2018,NA
DFB,2019,0.2
DFB,2020,0
DFB,2021,2.37
DFB,2022,0
DFB,2023,2.7
DFB,2024,1.07
DFC,2014,NA
DFC,2015,3.57
DFC,2016,0.23
DFC,2017,0.28
DFC,2018,0.67
DFC,2019,0.43
DFC,2020,0.07
DFC,2021,1.3
DFC,2022,0
DFC,2023,0.37
DFC,2024,0.67
DFC-B,2014,NA
DFC-B,2015,NA
DFC-B,2016,NA
DFC-B,2017,NA
DFC-B,2018,NA
DFC-B,2019,NA
DFC-B,2020,NA
DFC-B,2021,NA
DFC-B,2022,NA
DFC-B,2023,0.73
DFC-B,2024,0.63
DFC-S,2014,NA
DFC-S,2015,NA
DFC-S,2016,NA
DFC-S,2017,NA
DFC-S,2018,NA
DFC-S,2019,NA
DFC-S,2020,NA
DFC-S,2021,NA
DFC-S,2022,NA
DFC-S,2023,0.27
DFC-S,2024,0.6
DH,2014,NA
DH,2015,NA
DH,2016,NA
DH,2017,NA
DH,2018,0
DH,2019,1.5
DH,2020,0
DH,2021,0.2
DH,2022,0
DH,2023,0
DH,2024,NA
DHC,2014,NA
DHC,2015,NA
DHC,2016,NA
DHC,2017,NA
DHC,2018,0
DHC,2019,0.03
DHC,2020,0
DHC,2021,NA
DHC,2022,NA
DHC,2023,NA
DHC,2024,NA
DSC,2014,NA
DSC,2015,3.16
DSC,2016,1.57
DSC,2017,2.88
DSC,2018,0.38
DSC,2019,2.13
DSC,2020,0.93
DSC,2021,NA
DSC,2022,1.17
DSC,2023,4.28
DSC,2024,13.8
DSCP,2014,NA
DSCP,2015,NA
DSCP,2016,NA
DSCP,2017,NA
DSCP,2018,NA
DSCP,2019,NA
DSCP,2020,NA
DSCP,2021,1.93
DSCP,2022,NA
DSCP,2023,NA
DSCP,2024,NA
DW,2014,NA
DW,2015,14.8
DW,2016,NA
DW,2017,NA
DW,2018,NA
DW,2019,NA
DW,2020,NA
DW,2021,NA
DW,2022,NA
DW,2023,NA
DW,2024,NA
DWT,2014,NA
DWT,2015,NA
DWT,2016,NA
DWT,2017,NA
DWT,2018,NA
DWT,2019,0.07
DWT,2020,0.04
DWT,2021,NA
DWT,2022,NA
DWT,2023,NA
DWT,2024,NA
FB,2014,NA
FB,2015,24
FB,2016,0.93
FB,2017,NA
FB,2018,0.07
FB,2019,1.4
FB,2020,2.43
FB,2021,30.79
FB,2022,13.67
FB,2023,NA
FB,2024,38.73
FBN,2014,NA
FBN,2015,NA
FBN,2016,7.1
FBN,2017,NA
FBN,2018,NA
FBN,2019,NA
FBN,2020,NA
FBN,2021,NA
FBN,2022,NA
FBN,2023,NA
FBN,2024,NA
FBS,2014,NA
FBS,2015,NA
FBS,2016,16.7
FBS,2017,NA
FBS,2018,NA
FBS,2019,NA
FBS,2020,NA
FBS,2021,NA
FBS,2022,NA
FBS,2023,NA
FBS,2024,NA
FBW,2014,NA
FBW,2015,NA
FBW,2016,NA
FBW,2017,NA
FBW,2018,NA
FBW,2019,0.13
FBW,2020,0.17
FBW,2021,0.87
FBW,2022,NA
FBW,2023,NA
FBW,2024,4.43
HH,2014,NA
HH,2015,28
HH,2016,NA
HH,2017,NA
HH,2018,NA
HH,2019,NA
HH,2020,NA
HH,2021,NA
HH,2022,NA
HH,2023,NA
HH,2024,NA
HIA,2014,NA
HIA,2015,NA
HIA,2016,NA
HIA,2017,NA
HIA,2018,NA
HIA,2019,0.03
HIA,2020,0
HIA,2021,NA
HIA,2022,NA
HIA,2023,NA
HIA,2024,NA
HIC,2014,NA
HIC,2015,1.67
HIC,2016,0.2
HIC,2017,NA
HIC,2018,0.07
HIC,2019,0
HIC,2020,0
HIC,2021,0.77
HIC,2022,0
HIC,2023,0.11
HIC,2024,0.03
KH,2014,NA
KH,2015,NA
KH,2016,NA
KH,2017,NA
KH,2018,NA
KH,2019,NA
KH,2020,NA
KH,2021,0.4
KH,2022,0
KH,2023,1.13
KH,2024,0
KIK,2014,NA
KIK,2015,NA
KIK,2016,NA
KIK,2017,NA
KIK,2018,NA
KIK,2019,0
KIK,2020,0
KIK,2021,0
KIK,2022,NA
KIK,2023,NA
KIK,2024,NA
LSI,2014,NA
LSI,2015,NA
LSI,2016,NA
LSI,2017,NA
LSI,2018,NA
LSI,2019,0
LSI,2020,NA
LSI,2021,NA
LSI,2022,NA
LSI,2023,NA
LSI,2024,NA
MB,2014,NA
MB,2015,3.23
MB,2016,0
MB,2017,NA
MB,2018,NA
MB,2019,0
MB,2020,1
MB,2021,0.23
MB,2022,0
MB,2023,1.61
MB,2024,0
MH,2014,NA
MH,2015,NA
MH,2016,NA
MH,2017,NA
MH,2018,NA
MH,2019,NA
MH,2020,0
MH,2021,NA
MH,2022,NA
MH,2023,NA
MH,2024,0
MIL1,2014,NA
MIL1,2015,NA
MIL1,2016,NA
MIL1,2017,NA
MIL1,2018,NA
MIL1,2019,NA
MIL1,2020,NA
MIL1,2021,0.06
MIL1,2022,NA
MIL1,2023,0
MIL1,2024,0
MIL2,2014,NA
MIL2,2015,NA
MIL2,2016,NA
MIL2,2017,NA
MIL2,2018,NA
MIL2,2019,NA
MIL2,2020,NA
MIL2,2021,0.13
MIL2,2022,0
MIL2,2023,0.03
MIL2,2024,0.3
MUD1,2014,NA
MUD1,2015,20.36
MUD1,2016,0.2
MUD1,2017,NA
MUD1,2018,0.57
MUD1,2019,2.33
MUD1,2020,0
MUD1,2021,0.17
MUD1,2022,0.14
MUD1,2023,0.13
MUD1,2024,0
MUD2,2014,4.73
MUD2,2015,NA
MUD2,2016,NA
MUD2,2017,NA
MUD2,2018,NA
MUD2,2019,NA
MUD2,2020,NA
MUD2,2021,NA
MUD2,2022,NA
MUD2,2023,NA
MUD2,2024,NA
MUD3,2014,7.41
MUD3,2015,NA
MUD3,2016,NA
MUD3,2017,NA
MUD3,2018,NA
MUD3,2019,NA
MUD3,2020,NA
MUD3,2021,NA
MUD3,2022,NA
MUD3,2023,NA
MUD3,2024,NA
MYS,2014,NA
MYS,2015,NA
MYS,2016,NA
MYS,2017,NA
MYS,2018,NA
MYS,2019,NA
MYS,2020,0
MYS,2021,NA
MYS,2022,0.04
MYS,2023,0
MYS,2024,NA
NB1,2014,NA
NB1,2015,13.07
NB1,2016,0.1
NB1,2017,NA
NB1,2018,NA
NB1,2019,NA
NB1,2020,NA
NB1,2021,NA
NB1,2022,NA
NB1,2023,NA
NB1,2024,NA
NB2,2014,NA
NB2,2015,NA
NB2,2016,0
NB2,2017,NA
NB2,2018,NA
NB2,2019,0
NB2,2020,0
NB2,2021,NA
NB2,2022,NA
NB2,2023,NA
NB2,2024,NA
NB3,2014,NA
NB3,2015,NA
NB3,2016,0
NB3,2017,0.5
NB3,2018,1.5
NB3,2019,0.03
NB3,2020,1.27
NB3,2021,0.17
NB3,2022,0
NB3,2023,0.03
NB3,2024,0.27
NGS,2014,NA
NGS,2015,NA
NGS,2016,NA
NGS,2017,NA
NGS,2018,NA
NGS,2019,NA
NGS,2020,NA
NGS,2021,NA
NGS,2022,NA
NGS,2023,NA
NGS,2024,0
NKIK,2014,NA
NKIK,2015,NA
NKIK,2016,NA
NKIK,2017,NA
NKIK,2018,NA
NKIK,2019,NA
NKIK,2020,NA
NKIK,2021,0
NKIK,2022,0
NKIK,2023,0
NKIK,2024,0
NMS,2014,NA
NMS,2015,NA
NMS,2016,3.3
NMS,2017,NA
NMS,2018,NA
NMS,2019,NA
NMS,2020,NA
NMS,2021,NA
NMS,2022,NA
NMS,2023,NA
NMS,2024,NA
NS,2014,NA
NS,2015,NA
NS,2016,6.2
NS,2017,NA
NS,2018,NA
NS,2019,NA
NS,2020,NA
NS,2021,NA
NS,2022,NA
NS,2023,NA
NS,2024,NA
OAK,2014,NA
OAK,2015,0.47
OAK,2016,0
OAK,2017,0.29
OAK,2018,0.05
OAK,2019,0.07
OAK,2020,0
OAK,2021,0.27
OAK,2022,0.03
OAK,2023,0
OAK,2024,0.1
OB,2014,NA
OB,2015,256.24
OB,2016,0.47
OB,2017,8.76
OB,2018,2
OB,2019,30
OB,2020,0.4
OB,2021,1
OB,2022,0.23
OB,2023,1.89
OB,2024,1.03
OB-LT,2014,NA
OB-LT,2015,NA
OB-LT,2016,NA
OB-LT,2017,NA
OB-LT,2018,NA
OB-LT,2019,NA
OB-LT,2020,NA
OB-LT,2021,NA
OB-LT,2022,0.75
OB-LT,2023,NA
OB-LT,2024,NA
OB-S,2014,NA
OB-S,2015,NA
OB-S,2016,NA
OB-S,2017,NA
OB-S,2018,NA
OB-S,2019,NA
OB-S,2020,NA
OB-S,2021,1.17
OB-S,2022,NA
OB-S,2023,NA
OB-S,2024,NA
ORO,2014,NA
ORO,2015,NA
ORO,2016,NA
ORO,2017,NA
ORO,2018,NA
ORO,2019,NA
ORO,2020,0
ORO,2021,0
ORO,2022,NA
ORO,2023,NA
ORO,2024,NA
PB,2014,NA
PB,2015,NA
PB,2016,NA
PB,2017,NA
PB,2018,NA
PB,2019,0
PB,2020,0
PB,2021,NA
PB,2022,NA
PB,2023,NA
PB,2024,NA
PEN1,2014,NA
PEN1,2015,NA
PEN1,2016,NA
PEN1,2017,NA
PEN1,2018,NA
PEN1,2019,NA
PEN1,2020,0.03
PEN1,2021,NA
PEN1,2022,NA
PEN1,2023,NA
PEN1,2024,0
PEN2,2014,NA
PEN2,2015,NA
PEN2,2016,NA
PEN2,2017,NA
PEN2,2018,NA
PEN2,2019,NA
PEN2,2020,NA
PEN2,2021,NA
PEN2,2022,NA
PEN2,2023,NA
PEN2,2024,0
PGH,2014,5.55
PGH,2015,4.47
PGH,2016,NA
PGH,2017,7.81
PGH,2018,0.65
PGH,2019,NA
PGH,2020,NA
PGH,2021,NA
PGH,2022,NA
PGH,2023,NA
PGH,2024,NA
PGK,2014,NA
PGK,2015,4.76
PGK,2016,5.57
PGK,2017,5.83
PGK,2018,0.37
PGK,2019,4.9
PGK,2020,1.11
PGK,2021,6.07
PGK,2022,1.08
PGK,2023,0.37
PGK,2024,1.63
PGS,2014,7.37
PGS,2015,NA
PGS,2016,NA
PGS,2017,NA
PGS,2018,NA
PGS,2019,NA
PGS,2020,NA
PGS,2021,NA
PGS,2022,NA
PGS,2023,NA
PGS,2024,NA
PGT,2014,NA
PGT,2015,NA
PGT,2016,NA
PGT,2017,NA
PGT,2018,NA
PGT,2019,1.57
PGT,2020,0.33
PGT,2021,NA
PGT,2022,NA
PGT,2023,NA
PGT,2024,NA
PMD,2014,NA
PMD,2015,NA
PMD,2016,NA
PMD,2017,NA
PMD,2018,NA
PMD,2019,NA
PMD,2020,NA
PMD,2021,1.73
PMD,2022,0.2
PMD,2023,0.5
PMD,2024,2.5
POR,2014,NA
POR,2015,NA
POR,2016,NA
POR,2017,NA
POR,2018,NA
POR,2019,NA
POR,2020,NA
POR,2021,0
POR,2022,0
POR,2023,0
POR,2024,0
QB1,2014,NA
QB1,2015,NA
QB1,2016,NA
QB1,2017,NA
QB1,2018,0.15
QB1,2019,1
QB1,2020,1.19
QB1,2021,NA
QB1,2022,NA
QB1,2023,NA
QB1,2024,NA
QB2,2014,NA
QB2,2015,NA
QB2,2016,NA
QB2,2017,NA
QB2,2018,3.41
QB2,2019,1.55
QB2,2020,0.89
QB2,2021,2.87
QB2,2022,1.55
QB2,2023,NA
QB2,2024,NA
QB3,2014,NA
QB3,2015,NA
QB3,2016,NA
QB3,2017,NA
QB3,2018,1.1
QB3,2019,3.47
QB3,2020,0.5
QB3,2021,25.31
QB3,2022,1.6
QB3,2023,4.17
QB3,2024,7.8
QB4,2014,NA
QB4,2015,NA
QB4,2016,NA
QB4,2017,NA
QB4,2018,2.6
QB4,2019,6.03
QB4,2020,0.55
QB4,2021,0.13
QB4,2022,NA
QB4,2023,NA
QB4,2024,NA
QB5,2014,NA
QB5,2015,NA
QB5,2016,2.37
QB5,2017,0.74
QB5,2018,0.17
QB5,2019,0.03
QB5,2020,0
QB5,2021,NA
QB5,2022,NA
QB5,2023,NA
QB5,2024,NA
QBH,2014,NA
QBH,2015,NA
QBH,2016,NA
QBH,2017,NA
QBH,2018,NA
QBH,2019,NA
QBH,2020,NA
QBH,2021,NA
QBH,2022,4.1
QBH,2023,0.76
QBH,2024,0.5
RCN,2014,NA
RCN,2015,NA
RCN,2016,5
RCN,2017,NA
RCN,2018,NA
RCN,2019,NA
RCN,2020,NA
RCN,2021,NA
RCN,2022,NA
RCN,2023,NA
RCN,2024,NA
SAM,2014,NA
SAM,2015,NA
SAM,2016,NA
SAM,2017,NA
SAM,2018,NA
SAM,2019,0
SAM,2020,0
SAM,2021,NA
SAM,2022,NA
SAM,2023,NA
SAM,2024,NA
SB,2014,NA
SB,2015,NA
SB,2016,NA
SB,2017,NA
SB,2018,NA
SB,2019,NA
SB,2020,NA
SB,2021,0
SB,2022,NA
SB,2023,0
SB,2024,0
SB2,2014,NA
SB2,2015,NA
SB2,2016,NA
SB2,2017,NA
SB2,2018,NA
SB2,2019,NA
SB2,2020,NA
SB2,2021,NA
SB2,2022,0
SB2,2023,0
SB2,2024,0
SB3,2014,NA
SB3,2015,NA
SB3,2016,NA
SB3,2017,NA
SB3,2018,NA
SB3,2019,NA
SB3,2020,NA
SB3,2021,NA
SB3,2022,0
SB3,2023,0.03
SB3,2024,0
SD,2014,NA
SD,2015,NA
SD,2016,NA
SD,2017,NA
SD,2018,NA
SD,2019,0.13
SD,2020,0.03
SD,2021,1.2
SD,2022,0.1
SD,2023,0.97
SD,2024,0.05
SI,2014,NA
SI,2015,10.2
SI,2016,NA
SI,2017,2.1
SI,2018,0.73
SI,2019,NA
SI,2020,0.1
SI,2021,2.6
SI,2022,0.09
SI,2023,2.41
SI,2024,0.38
SI-S,2014,NA
SI-S,2015,NA
SI-S,2016,NA
SI-S,2017,NA
SI-S,2018,NA
SI-S,2019,NA
SI-S,2020,NA
SI-S,2021,4.3
SI-S,2022,NA
SI-S,2023,NA
SI-S,2024,NA
SIM,2014,NA
SIM,2015,NA
SIM,2016,NA
SIM,2017,NA
SIM,2018,NA
SIM,2019,NA
SIM,2020,0
SIM,2021,NA
SIM,2022,NA
SIM,2023,NA
SIM,2024,NA
SIMF,2014,NA
SIMF,2015,NA
SIMF,2016,NA
SIMF,2017,NA
SIMF,2018,NA
SIMF,2019,NA
SIMF,2020,NA
SIMF,2021,NA
SIMF,2022,0
SIMF,2023,0
SIMF,2024,0
SKA,2014,NA
SKA,2015,NA
SKA,2016,NA
SKA,2017,NA
SKA,2018,NA
SKA,2019,0
SKA,2020,0
SKA,2021,NA
SKA,2022,NA
SKA,2023,NA
SKA,2024,NA
SKO1,2014,NA
SKO1,2015,NA
SKO1,2016,NA
SKO1,2017,NA
SKO1,2018,NA
SKO1,2019,NA
SKO1,2020,NA
SKO1,2021,0.11
SKO1,2022,0.63
SKO1,2023,0.5
SKO1,2024,0.15
SKO2,2014,NA
SKO2,2015,NA
SKO2,2016,NA
SKO2,2017,NA
SKO2,2018,NA
SKO2,2019,NA
SKO2,2020,NA
SKO2,2021,NA
SKO2,2022,0
SKO2,2023,0.43
SKO2,2024,0.7
SMO,2014,NA
SMO,2015,NA
SMO,2016,NA
SMO,2017,NA
SMO,2018,NA
SMO,2019,0
SMO,2020,0
SMO,2021,NA
SMO,2022,NA
SMO,2023,NA
SMO,2024,NA
SQM1,2014,NA
SQM1,2015,NA
SQM1,2016,NA
SQM1,2017,NA
SQM1,2018,NA
SQM1,2019,1.52
SQM1,2020,0.62
SQM1,2021,0.22
SQM1,2022,0.03
SQM1,2023,2.93
SQM1,2024,0.23
SQM2,2014,NA
SQM2,2015,NA
SQM2,2016,NA
SQM2,2017,NA
SQM2,2018,NA
SQM2,2019,1
SQM2,2020,2.37
SQM2,2021,NA
SQM2,2022,NA
SQM2,2023,NA
SQM2,2024,NA
SQX1,2014,NA
SQX1,2015,NA
SQX1,2016,NA
SQX1,2017,NA
SQX1,2018,NA
SQX1,2019,0
SQX1,2020,0.03
SQX1,2021,NA
SQX1,2022,NA
SQX1,2023,0.08
SQX1,2024,0.08
SQX2,2014,NA
SQX2,2015,NA
SQX2,2016,NA
SQX2,2017,NA
SQX2,2018,NA
SQX2,2019,0
SQX2,2020,0
SQX2,2021,0.11
SQX2,2022,NA
SQX2,2023,0
SQX2,2024,0
TUR,2014,NA
TUR,2015,NA
TUR,2016,NA
TUR,2017,NA
TUR,2018,NA
TUR,2019,NA
TUR,2020,NA
TUR,2021,NA
TUR,2022,0
TUR,2023,0
TUR,2024,0
